-----------------------------------------
-- Population
-----------------------------------------

-- Insert data into the table "users"
insert into Users (id, email, name, username, password) values (1, 'rkeach0@cmu.edu', 'Reinhard Keach', 'rkeach0', 'zN2=8na_.nA');
insert into Users (id, email, name, username, password) values (2, 'smacascaidh1@canalblog.com', 'Shela MacAscaidh', 'smacascaidh1', 'eH9/w1_.OTG2NCm');
insert into Users (id, email, name, username, password) values (3, 'odykins2@berkeley.edu', 'Ole Dykins', 'odykins2', 'yZ7}(O@xl@"|S');
insert into Users (id, email, name, username, password) values (4, 'rissacson3@time.com', 'Ross Issacson', 'rissacson3', 'kX7*)3ShR8Q=n');
insert into Users (id, email, name, username, password) values (5, 'ahendrickx4@gmpg.org', 'Austin Hendrickx', 'ahendrickx4', 'hH8}Nc7F{?StH5');
insert into Users (id, email, name, username, password) values (6, 'dplewright5@ocn.ne.jp', 'Daphene Plewright', 'dplewright5', 'xE5}NCJQ|M');
insert into Users (id, email, name, username, password) values (7, 'hovitts6@constantcontact.com', 'Hortense Ovitts', 'hovitts6', 'eL2*Z~.CC_xp>Hf{');
insert into Users (id, email, name, username, password) values (8, 'dwaistall7@sina.com.cn', 'Denney Waistall', 'dwaistall7', 'qW1(CUbx5)');
insert into Users (id, email, name, username, password) values (9, 'cbraunter8@multiply.com', 'Cristobal Braunter', 'cbraunter8', 'tQ7&`#/3L`6H');
insert into Users (id, email, name, username, password) values (10, 'gthormwell9@4shared.com', 'Granville Thormwell', 'gthormwell9', 'wC3}G0V}D"`''$');
insert into Users (id, email, name, username, password) values (11, 'gjentzscha@google.co.uk', 'Giselle Jentzsch', 'gjentzscha', 'vL8,$~aI''AV');
insert into Users (id, email, name, username, password) values (12, 'dswettb@yellowpages.com', 'Dyanne Swett', 'dswettb', 'xX6\rf6zQ');
insert into Users (id, email, name, username, password) values (13, 'pcoodec@unicef.org', 'Putnam Coode', 'pcoodec', 'cG4*0T_V');
insert into Users (id, email, name, username, password) values (14, 'chamild@wunderground.com', 'Clarie Hamil', 'chamild', 'xW4?xsdLbA7');
insert into Users (id, email, name, username, password) values (15, 'hlorrymane@ocn.ne.jp', 'Hilly Lorryman', 'hlorrymane', 'gP0,xTJ(OdO5D"');
insert into Users (id, email, name, username, password) values (16, 'lansellf@last.fm', 'Leonard Ansell', 'lansellf', 'cA1{/e}1`oC8+xH');
insert into Users (id, email, name, username, password) values (17, 'twinchcombeg@elegantthemes.com', 'Tan Winchcombe', 'twinchcombeg', 'tI6%<7xT2"Q$SF');
insert into Users (id, email, name, username, password) values (18, 'ctreneerh@mozilla.com', 'Cinda Treneer', 'ctreneerh', 'aU1_SP.i''*cH{_');
insert into Users (id, email, name, username, password) values (19, 'hsandesoni@elpais.com', 'Humberto Sandeson', 'hsandesoni', 'mB2&+Zr&oI6h<0');
insert into Users (id, email, name, username, password) values (20, 'sbosselj@ehow.com', 'Shari Bossel', 'sbosselj', 'lO6(f|1.,kOT5e');
insert into Users (id, email, name, username, password) values (21, 'gzupak@ameblo.jp', 'Goldie Zupa', 'gzupak', 'uQ6=H=X=3v9xF');
insert into Users (id, email, name, username, password) values (22, 'pwearl@sciencedirect.com', 'Peggi Wear', 'pwearl', 'cC8,|OOt1qlv');
insert into Users (id, email, name, username, password) values (23, 'sbrugmanm@cafepress.com', 'Sheelagh Brugman', 'sbrugmanm', 'gQ7$''ZJ/F');
insert into Users (id, email, name, username, password) values (24, 'ddelln@harvard.edu', 'Darrel Dell Casa', 'ddelln', 'pK9$#r8eh');
insert into Users (id, email, name, username, password) values (25, 'cbartio@buzzfeed.com', 'Christalle Barti', 'cbartio', 'sD8$tZ(j\eM');
insert into Users (id, email, name, username, password) values (26, 'amarfieldp@google.com.au', 'Alexis Marfield', 'amarfieldp', 'eO9@?zAYrsj9o');
insert into Users (id, email, name, username, password) values (27, 'emaunq@go.com', 'Emerson Maun', 'emaunq', 'hV3/1hnASd6BI');
insert into Users (id, email, name, username, password) values (28, 'mconklinr@samsung.com', 'Merilee Conklin', 'mconklinr', 'gF7?<.77M+3Ny$');
insert into Users (id, email, name, username, password) values (29, 'wranshaws@indiatimes.com', 'Wendi Ranshaw', 'wranshaws', 'qT0.peFBPYnJaA*%');
insert into Users (id, email, name, username, password) values (30, 'kescolmet@google.ru', 'Kerwin Escolme', 'kescolmet', 'eH3,NUx$4>YZ');
insert into Users (id, email, name, username, password) values (31, 'ykardosu@addthis.com', 'Yolanthe Kardos', 'ykardosu', 'oH2+%oX.U');
insert into Users (id, email, name, username, password) values (32, 'fvickermanv@umn.edu', 'Fanechka Vickerman', 'fvickermanv', 'oM9@!b>{sW');
insert into Users (id, email, name, username, password) values (33, 'nmckelveyw@jugem.jp', 'Natka McKelvey', 'nmckelveyw', 'lM9\ovy&C8eT');
insert into Users (id, email, name, username, password) values (34, 'sissakovx@issuu.com', 'Sisile Issakov', 'sissakovx', 'cB5\dMZ9*');
insert into Users (id, email, name, username, password) values (35, 'hverniy@gov.uk', 'Harrie Verni', 'hverniy', 'eL8=p|qM%''0F$P');
insert into Users (id, email, name, username, password) values (36, 'jstanmerz@auda.org.au', 'Julie Stanmer', 'jstanmerz', 'lV5`Q5%`Ib\to');
insert into Users (id, email, name, username, password) values (37, 'emcgarrahan10@omniture.com', 'Ellette McGarrahan', 'emcgarrahan10', 'gZ6<oO0oWJ#V1h.');
insert into Users (id, email, name, username, password) values (38, 'hbatter11@hc360.com', 'Hilly Batter', 'hbatter11', 'wZ9/KFE/th+lJ');
insert into Users (id, email, name, username, password) values (39, 'pjordison12@princeton.edu', 'Penrod Jordison', 'pjordison12', 'eQ7,)6BsHcaf9\`4');
insert into Users (id, email, name, username, password) values (40, 'mgiral13@linkedin.com', 'Margi Giral', 'mgiral13', 'zO1{$G&0''oo|=');
insert into Users (id, email, name, username, password) values (41, 'hfothergill14@hatena.ne.jp', 'Hillery Fothergill', 'hfothergill14', 'sE1.%a6lCT`');
insert into Users (id, email, name, username, password) values (42, 'tgery15@51.la', 'Townie Gery', 'tgery15', 'hT2)UlR/.qT');
insert into Users (id, email, name, username, password) values (43, 'kmethringham16@taobao.com', 'Ketty Methringham', 'kmethringham16', 'nA0,XUn#U}{TkSG');
insert into Users (id, email, name, username, password) values (44, 'lash17@linkedin.com', 'Laney Ash', 'lash17', 'cC6"{8X5c+Z');
insert into Users (id, email, name, username, password) values (45, 'bhowman18@privacy.gov.au', 'Brent Howman', 'bhowman18', 'hO7{Y)4rX');
insert into Users (id, email, name, username, password) values (46, 'jrobe19@tumblr.com', 'Jacky Robe', 'jrobe19', 'iO1?T$lcV4e');
insert into Users (id, email, name, username, password) values (47, 'dpalek1a@shutterfly.com', 'Davin Palek', 'dpalek1a', 'yV5}/>&$$SQ<x');
insert into Users (id, email, name, username, password) values (48, 'ccockings1b@mapquest.com', 'Corilla Cockings', 'ccockings1b', 'fD0{ZOkRQ');
insert into Users (id, email, name, username, password) values (49, 'czanazzi1c@tuttocitta.it', 'Conroy Zanazzi', 'czanazzi1c', 'vS1_>?+s`{d');
insert into Users (id, email, name, username, password) values (50, 'kstamp1d@4shared.com', 'Kristyn Stamp', 'kstamp1d', 'mV8>N6\(');

-- Insert data into the table "admin"
insert into Admin (id_user) values (1);

-- Insert data into the table "authenticated"
insert into Authenticated (id_user, is_verified, id_profilepic) values (2, false, 7);
insert into Authenticated (id_user, is_verified, id_profilepic) values (3, false, 31);
insert into Authenticated (id_user, is_verified, id_profilepic) values (4, false, 39);
insert into Authenticated (id_user, is_verified, id_profilepic) values (5, false, 7);
insert into Authenticated (id_user, is_verified, id_profilepic) values (6, true, 5);
insert into Authenticated (id_user, is_verified, id_profilepic) values (7, false, 50);
insert into Authenticated (id_user, is_verified, id_profilepic) values (8, false, 48);
insert into Authenticated (id_user, is_verified, id_profilepic) values (9, false, 35);
insert into Authenticated (id_user, is_verified, id_profilepic) values (10, true, 27);
insert into Authenticated (id_user, is_verified, id_profilepic) values (11, true, 33);
insert into Authenticated (id_user, is_verified, id_profilepic) values (12, true, 8);
insert into Authenticated (id_user, is_verified, id_profilepic) values (13, true, 38);
insert into Authenticated (id_user, is_verified, id_profilepic) values (14, false, 37);
insert into Authenticated (id_user, is_verified, id_profilepic) values (15, true, 11);
insert into Authenticated (id_user, is_verified, id_profilepic) values (16, true, 26);
insert into Authenticated (id_user, is_verified, id_profilepic) values (17, true, 34);
insert into Authenticated (id_user, is_verified, id_profilepic) values (18, true, 39);
insert into Authenticated (id_user, is_verified, id_profilepic) values (19, true, 46);
insert into Authenticated (id_user, is_verified, id_profilepic) values (20, true, 38);
insert into Authenticated (id_user, is_verified, id_profilepic) values (21, true, 17);
insert into Authenticated (id_user, is_verified, id_profilepic) values (22, true, 36);
insert into Authenticated (id_user, is_verified, id_profilepic) values (23, false, 17);
insert into Authenticated (id_user, is_verified, id_profilepic) values (24, false, 46);
insert into Authenticated (id_user, is_verified, id_profilepic) values (25, false, 12);
insert into Authenticated (id_user, is_verified, id_profilepic) values (26, false, 38);
insert into Authenticated (id_user, is_verified, id_profilepic) values (27, true, 49);
insert into Authenticated (id_user, is_verified, id_profilepic) values (28, false, 41);
insert into Authenticated (id_user, is_verified, id_profilepic) values (29, true, 11);
insert into Authenticated (id_user, is_verified, id_profilepic) values (30, false, 2);
insert into Authenticated (id_user, is_verified, id_profilepic) values (31, false, 15);
insert into Authenticated (id_user, is_verified, id_profilepic) values (32, false, 18);
insert into Authenticated (id_user, is_verified, id_profilepic) values (33, true, 36);
insert into Authenticated (id_user, is_verified, id_profilepic) values (34, false, 45);
insert into Authenticated (id_user, is_verified, id_profilepic) values (35, true, 40);
insert into Authenticated (id_user, is_verified, id_profilepic) values (36, false, 29);
insert into Authenticated (id_user, is_verified, id_profilepic) values (37, true, 36);
insert into Authenticated (id_user, is_verified, id_profilepic) values (38, false, 27);
insert into Authenticated (id_user, is_verified, id_profilepic) values (39, false, 29);
insert into Authenticated (id_user, is_verified, id_profilepic) values (40, true, 46);
insert into Authenticated (id_user, is_verified, id_profilepic) values (41, false, 35);
insert into Authenticated (id_user, is_verified, id_profilepic) values (42, true, 25);
insert into Authenticated (id_user, is_verified, id_profilepic) values (43, false, 46);
insert into Authenticated (id_user, is_verified, id_profilepic) values (44, true, 41);
insert into Authenticated (id_user, is_verified, id_profilepic) values (45, true, 24);
insert into Authenticated (id_user, is_verified, id_profilepic) values (46, true, 39);
insert into Authenticated (id_user, is_verified, id_profilepic) values (47, true, 30);
insert into Authenticated (id_user, is_verified, id_profilepic) values (48, false, 39);
insert into Authenticated (id_user, is_verified, id_profilepic) values (49, true, 28);
insert into Authenticated (id_user, is_verified, id_profilepic) values (50, false, 33);

-- Insert data into the table "event"
insert into Event (id, title, description, type, date, capacity, ticket_limit, place, id_user) values (1, 'Explorers', 'Athletics meet at ABC stadium', 'public', '11/28/2022', 244, 2, 'Sacramento', 3);
insert into Event (id, title, description, type, date, capacity, ticket_limit, place, id_user) values (2, 'Six in Paris (Paris vu par...)', 'Rugby match between Team P and Team Q', 'public', '8/29/2023', 405, 5, 'Mnogoudobnoye', 27);
insert into Event (id, title, description, type, date, capacity, ticket_limit, place, id_user) values (3, 'Crime of Monsieur Lange, The (Le crime de Monsieur Lange)', 'Basketball game featuring Team X and Team Y', 'public', '7/12/2023', 80, 5, 'Orléans', 32);
insert into Event (id, title, description, type, date, capacity, ticket_limit, place, id_user) values (4, 'Downstairs', 'Cricket match between Country A and Country B', 'public', '6/12/2023', 295, 5, 'Vadstena', 33);
insert into Event (id, title, description, type, date, capacity, ticket_limit, place, id_user) values (5, 'Fastest Gun Alive, The', 'Rugby match between Team P and Team Q', 'approval', '8/27/2023', 467, 4, 'Grenoble', 36);
insert into Event (id, title, description, type, date, capacity, ticket_limit, place, id_user) values (6, 'Barbarian Invasions, The (Les invasions barbares)', 'Cricket match between Country A and Country B', 'approval', '8/18/2023', 268, 5, 'Danchang', 15);
insert into Event (id, title, description, type, date, capacity, ticket_limit, place, id_user) values (7, 'Jim Breuer: And Laughter for All', 'Tennis tournament finals', 'private', '6/15/2023', 52, 1, 'Palmas De Gran Canaria, Las', 33);
insert into Event (id, title, description, type, date, capacity, ticket_limit, place, id_user) values (8, 'Touchy Feely', 'Cricket match between Country A and Country B', 'approval', '4/20/2023', 373, 2, 'Pastores', 37);
insert into Event (id, title, description, type, date, capacity, ticket_limit, place, id_user) values (9, 'Nanny, The', 'Basketball game featuring Team X and Team Y', 'approval', '12/12/2022', 94, 2, 'Sośnicowice', 21);
insert into Event (id, title, description, type, date, capacity, ticket_limit, place, id_user) values (10, 'The Man From The Alamo', 'Basketball game featuring Team X and Team Y', 'private', '9/27/2023', 10, 2, 'Phoenix', 8);
insert into Event (id, title, description, type, date, capacity, ticket_limit, place, id_user) values (11, 'Off and Running ', 'Basketball game featuring Team X and Team Y', 'private', '12/5/2022', 421, 1, 'Motomiya', 40);
insert into Event (id, title, description, type, date, capacity, ticket_limit, place, id_user) values (12, 'Wizard of Oz, The', 'Athletics meet at ABC stadium', 'public', '3/10/2023', 200, 1, 'Ban Na San', 48);
insert into Event (id, title, description, type, date, capacity, ticket_limit, place, id_user) values (13, 'Hold Back the Dawn', 'Basketball game featuring Team X and Team Y', 'approval', '11/8/2022', 252, 5, 'Barakani', 49);
insert into Event (id, title, description, type, date, capacity, ticket_limit, place, id_user) values (14, 'Faith School Menace?', 'Volleyball tournament finals', 'approval', '5/5/2023', 490, 5, 'Roche Terre', 22);
insert into Event (id, title, description, type, date, capacity, ticket_limit, place, id_user) values (15, 'Last Dragon, The', 'Basketball game featuring Team X and Team Y', 'private', '3/5/2023', 385, 5, 'Vyzhnytsya', 49);
insert into Event (id, title, description, type, date, capacity, ticket_limit, place, id_user) values (16, 'DuckTales: The Movie - Treasure of the Lost Lamp', 'Golf championship at XYZ course', 'approval', '6/4/2023', 216, 3, 'Kungsbacka', 17);
insert into Event (id, title, description, type, date, capacity, ticket_limit, place, id_user) values (17, 'Salvage', 'Cricket match between Country A and Country B', 'approval', '3/9/2023', 426, 1, 'Kilim', 9);
insert into Event (id, title, description, type, date, capacity, ticket_limit, place, id_user) values (18, 'Goldene Zeiten', 'Athletics meet at ABC stadium', 'public', '10/2/2023', 50, 3, 'Baras', 50);
insert into Event (id, title, description, type, date, capacity, ticket_limit, place, id_user) values (19, 'While You Were Sleeping', 'Baseball game at ABC stadium', 'approval', '4/11/2023', 249, 3, 'Boracéia', 39);
insert into Event (id, title, description, type, date, capacity, ticket_limit, place, id_user) values (20, 'Glenn Miller Story, The', 'Cricket match between Country A and Country B', 'private', '3/13/2023', 191, 3, 'Kinsealy-Drinan', 31);
insert into Event (id, title, description, type, date, capacity, ticket_limit, place, id_user) values (21, 'Bowling for Columbine', 'Rugby match between Team P and Team Q', 'private', '1/20/2023', 78, 2, 'Muararupit', 40);
insert into Event (id, title, description, type, date, capacity, ticket_limit, place, id_user) values (22, 'Bad Words', 'Athletics meet at ABC stadium', 'approval', '10/24/2023', 238, 5, 'Vanves', 15);
insert into Event (id, title, description, type, date, capacity, ticket_limit, place, id_user) values (23, 'Dark Victory', 'Basketball game featuring Team X and Team Y', 'approval', '4/1/2023', 488, 2, 'Zhenzhushan', 39);
insert into Event (id, title, description, type, date, capacity, ticket_limit, place, id_user) values (24, 'Late George Apley, The', 'Baseball game at ABC stadium', 'approval', '10/20/2023', 122, 4, 'Checca', 17);
insert into Event (id, title, description, type, date, capacity, ticket_limit, place, id_user) values (25, 'African Queen, The', 'Rugby match between Team P and Team Q', 'public', '4/11/2023', 341, 2, 'Gia Nghĩa', 34);
insert into Event (id, title, description, type, date, capacity, ticket_limit, place, id_user) values (26, 'Time Bandits', 'Basketball game featuring Team X and Team Y', 'private', '4/6/2023', 407, 5, 'Yanjiang', 14);
insert into Event (id, title, description, type, date, capacity, ticket_limit, place, id_user) values (27, 'Slappy and the Stinkers', 'Volleyball tournament finals', 'approval', '2/19/2023', 398, 5, 'Naga', 37);
insert into Event (id, title, description, type, date, capacity, ticket_limit, place, id_user) values (28, 'Blackbird, The', 'Athletics meet at ABC stadium', 'private', '2/1/2023', 421, 1, 'Tours', 49);
insert into Event (id, title, description, type, date, capacity, ticket_limit, place, id_user) values (29, 'Live and Let Die', 'Baseball game at ABC stadium', 'public', '11/16/2022', 486, 1, 'Saint-Laurent-du-Var', 13);
insert into Event (id, title, description, type, date, capacity, ticket_limit, place, id_user) values (30, 'Walking Tall', 'Basketball game featuring Team X and Team Y', 'private', '8/4/2023', 337, 2, 'København', 8);
insert into Event (id, title, description, type, date, capacity, ticket_limit, place, id_user) values (31, 'Bachelor Party, The', 'Swimming competition at XYZ pool', 'approval', '4/19/2023', 478, 3, 'Sigma', 47);
insert into Event (id, title, description, type, date, capacity, ticket_limit, place, id_user) values (32, 'Passengers', 'Cricket match between Country A and Country B', 'private', '6/16/2023', 276, 5, 'Kasungu', 10);
insert into Event (id, title, description, type, date, capacity, ticket_limit, place, id_user) values (33, 'Presidentintekijät', 'Athletics meet at ABC stadium', 'public', '6/28/2023', 196, 5, 'Szczerców', 11);
insert into Event (id, title, description, type, date, capacity, ticket_limit, place, id_user) values (34, 'Queen of the Damned', 'Football match between Team A and Team B', 'approval', '11/24/2022', 325, 2, 'Tāklisah', 24);
insert into Event (id, title, description, type, date, capacity, ticket_limit, place, id_user) values (35, 'Long Weekend, The', 'Cricket match between Country A and Country B', 'approval', '3/2/2023', 119, 5, 'San José Poaquil', 34);
insert into Event (id, title, description, type, date, capacity, ticket_limit, place, id_user) values (36, 'Yanco ', 'Baseball game at ABC stadium', 'public', '4/2/2023', 166, 5, 'Loa Janan', 40);
insert into Event (id, title, description, type, date, capacity, ticket_limit, place, id_user) values (37, 'Highlander: The Source', 'Rugby match between Team P and Team Q', 'public', '5/12/2023', 117, 2, 'Lishui', 29);
insert into Event (id, title, description, type, date, capacity, ticket_limit, place, id_user) values (38, 'Fairly Odd Christmas, A', 'Football match between Team A and Team B', 'approval', '11/20/2022', 447, 4, 'Snegiri', 2);
insert into Event (id, title, description, type, date, capacity, ticket_limit, place, id_user) values (39, 'Duchess, The', 'Tennis tournament finals', 'approval', '9/1/2023', 76, 3, 'Kota Kinabalu', 30);
insert into Event (id, title, description, type, date, capacity, ticket_limit, place, id_user) values (40, 'Swamp Shark', 'Athletics meet at ABC stadium', 'private', '3/31/2023', 59, 4, 'Yinying', 39);
insert into Event (id, title, description, type, date, capacity, ticket_limit, place, id_user) values (41, 'Instrument', 'Baseball game at ABC stadium', 'approval', '1/2/2023', 4, 2, 'Montbrison', 46);
insert into Event (id, title, description, type, date, capacity, ticket_limit, place, id_user) values (42, 'Little Nicholas (Le petit Nicolas)', 'Rugby match between Team P and Team Q', 'public', '5/13/2023', 281, 4, 'Umanggudang', 45);
insert into Event (id, title, description, type, date, capacity, ticket_limit, place, id_user) values (43, 'I Love You Too', 'Golf championship at XYZ course', 'public', '6/19/2023', 21, 2, 'Otjiwarongo', 16);
insert into Event (id, title, description, type, date, capacity, ticket_limit, place, id_user) values (44, 'Backcountry', 'Tennis tournament finals', 'private', '4/24/2023', 441, 3, 'Tsagaan-Olom', 49);
insert into Event (id, title, description, type, date, capacity, ticket_limit, place, id_user) values (45, 'Dirty Sanchez: The Movie', 'Baseball game at ABC stadium', 'approval', '3/15/2023', 295, 2, 'Thākurgaon', 15);
insert into Event (id, title, description, type, date, capacity, ticket_limit, place, id_user) values (46, 'Last Hard Men, The', 'Baseball game at ABC stadium', 'private', '6/22/2023', 424, 4, 'Paiçandu', 46);
insert into Event (id, title, description, type, date, capacity, ticket_limit, place, id_user) values (47, 'Kiss Before Dying, A', 'Athletics meet at ABC stadium', 'public', '6/17/2023', 162, 1, 'Khairpur', 41);
insert into Event (id, title, description, type, date, capacity, ticket_limit, place, id_user) values (48, 'Head Above Water', 'Athletics meet at ABC stadium', 'private', '4/24/2023', 159, 3, 'Xuhang', 32);
insert into Event (id, title, description, type, date, capacity, ticket_limit, place, id_user) values (49, 'Let the Fire Burn', 'Volleyball tournament finals', 'approval', '6/16/2023', 76, 5, 'Al Nashmah', 37);
insert into Event (id, title, description, type, date, capacity, ticket_limit, place, id_user) values (50, 'Breath (Soom)', 'Athletics meet at ABC stadium', 'private', '3/4/2023', 319, 5, 'Rodas', 14);

-- Insert data into the table "event_message"
insert into EventMessage (id, type, content, id_event, id_user, date) values (1, 'comment', 'Have a great day', 27, 30, '2/16/2023');
insert into EventMessage (id, type, content, id_event, id_user, date) values (2, 'comment', 'Goodbye', 16, 22, '3/28/2023');
insert into EventMessage (id, type, content, id_event, id_user, date) values (3, 'comment', 'Nice to meet you', 24, 14, '8/19/2023');
insert into EventMessage (id, type, content, id_event, id_user, date) values (4, 'chat', 'Goodbye', 9, 36, '7/18/2023');
insert into EventMessage (id, type, content, id_event, id_user, date) values (5, 'comment', 'Nice to meet you', 44, 37, '1/23/2023');
insert into EventMessage (id, type, content, id_event, id_user, date) values (6, 'chat', 'How are you?', 30, 15, '10/23/2023');
insert into EventMessage (id, type, content, id_event, id_user, date) values (7, 'chat', 'Nice to meet you', 10, 31, '7/12/2023');
insert into EventMessage (id, type, content, id_event, id_user, date) values (8, 'comment', 'Goodbye', 43, 12, '5/6/2023');
insert into EventMessage (id, type, content, id_event, id_user, date) values (9, 'comment', 'Goodbye', 45, 35, '2/4/2023');
insert into EventMessage (id, type, content, id_event, id_user, date) values (10, 'chat', 'Nice to meet you', 40, 2, '8/7/2023');
insert into EventMessage (id, type, content, id_event, id_user, date) values (11, 'comment', 'Goodbye', 29, 45, '9/25/2023');
insert into EventMessage (id, type, content, id_event, id_user, date) values (12, 'chat', 'Nice to meet you', 29, 28, '10/18/2023');
insert into EventMessage (id, type, content, id_event, id_user, date) values (13, 'comment', 'Nice to meet you', 46, 44, '2/3/2023');
insert into EventMessage (id, type, content, id_event, id_user, date) values (14, 'comment', 'Have a great day', 43, 38, '1/3/2023');
insert into EventMessage (id, type, content, id_event, id_user, date) values (15, 'chat', 'Hello', 20, 38, '9/6/2023');
insert into EventMessage (id, type, content, id_event, id_user, date) values (16, 'comment', 'Hello', 17, 33, '9/11/2023');
insert into EventMessage (id, type, content, id_event, id_user, date) values (17, 'chat', 'Have a great day', 12, 20, '1/8/2023');
insert into EventMessage (id, type, content, id_event, id_user, date) values (18, 'chat', 'Hello', 29, 30, '4/14/2023');
insert into EventMessage (id, type, content, id_event, id_user, date) values (19, 'chat', 'Nice to meet you', 9, 16, '3/20/2023');
insert into EventMessage (id, type, content, id_event, id_user, date) values (20, 'comment', 'Goodbye', 23, 3, '9/25/2023');
insert into EventMessage (id, type, content, id_event, id_user, date) values (21, 'chat', 'Nice to meet you', 10, 23, '7/12/2023');
insert into EventMessage (id, type, content, id_event, id_user, date) values (22, 'comment', 'How are you?', 36, 30, '11/23/2022');
insert into EventMessage (id, type, content, id_event, id_user, date) values (23, 'chat', 'Nice to meet you', 6, 24, '2/23/2023');
insert into EventMessage (id, type, content, id_event, id_user, date) values (24, 'comment', 'Hello', 16, 15, '10/29/2022');
insert into EventMessage (id, type, content, id_event, id_user, date) values (25, 'chat', 'Have a great day', 14, 20, '3/1/2023');
insert into EventMessage (id, type, content, id_event, id_user, date) values (26, 'comment', 'Nice to meet you', 28, 41, '8/8/2023');
insert into EventMessage (id, type, content, id_event, id_user, date) values (27, 'comment', 'Nice to meet you', 2, 40, '1/4/2023');
insert into EventMessage (id, type, content, id_event, id_user, date) values (28, 'comment', 'How are you?', 31, 20, '3/5/2023');
insert into EventMessage (id, type, content, id_event, id_user, date) values (29, 'comment', 'Have a great day', 18, 19, '1/27/2023');
insert into EventMessage (id, type, content, id_event, id_user, date) values (30, 'comment', 'Nice to meet you', 45, 48, '11/15/2022');
insert into EventMessage (id, type, content, id_event, id_user, date) values (31, 'comment', 'Hello', 22, 42, '9/7/2023');
insert into EventMessage (id, type, content, id_event, id_user, date) values (32, 'comment', 'Goodbye', 38, 46, '7/27/2023');
insert into EventMessage (id, type, content, id_event, id_user, date) values (33, 'comment', 'Nice to meet you', 48, 4, '9/23/2023');
insert into EventMessage (id, type, content, id_event, id_user, date) values (34, 'chat', 'Goodbye', 33, 30, '5/14/2023');
insert into EventMessage (id, type, content, id_event, id_user, date) values (35, 'chat', 'Goodbye', 48, 3, '5/10/2023');
insert into EventMessage (id, type, content, id_event, id_user, date) values (36, 'chat', 'How are you?', 9, 16, '2/22/2023');
insert into EventMessage (id, type, content, id_event, id_user, date) values (37, 'chat', 'How are you?', 41, 27, '9/14/2023');
insert into EventMessage (id, type, content, id_event, id_user, date) values (38, 'chat', 'Nice to meet you', 44, 16, '2/10/2023');
insert into EventMessage (id, type, content, id_event, id_user, date) values (39, 'comment', 'Goodbye', 27, 37, '6/17/2023');
insert into EventMessage (id, type, content, id_event, id_user, date) values (40, 'comment', 'Nice to meet you', 48, 14, '12/21/2022');
insert into EventMessage (id, type, content, id_event, id_user, date) values (41, 'chat', 'Hello', 24, 43, '3/3/2023');
insert into EventMessage (id, type, content, id_event, id_user, date) values (42, 'comment', 'Nice to meet you', 41, 42, '3/28/2023');
insert into EventMessage (id, type, content, id_event, id_user, date) values (43, 'comment', 'How are you?', 38, 35, '7/18/2023');
insert into EventMessage (id, type, content, id_event, id_user, date) values (44, 'comment', 'How are you?', 6, 18, '6/19/2023');
insert into EventMessage (id, type, content, id_event, id_user, date) values (45, 'comment', 'How are you?', 19, 46, '3/18/2023');
insert into EventMessage (id, type, content, id_event, id_user, date) values (46, 'comment', 'Nice to meet you', 40, 13, '5/6/2023');
insert into EventMessage (id, type, content, id_event, id_user, date) values (47, 'chat', 'Hello', 16, 42, '8/26/2023');
insert into EventMessage (id, type, content, id_event, id_user, date) values (48, 'chat', 'Goodbye', 32, 27, '10/18/2023');
insert into EventMessage (id, type, content, id_event, id_user, date) values (49, 'comment', 'Have a great day', 6, 24, '6/5/2023');
insert into EventMessage (id, type, content, id_event, id_user, date) values (50, 'chat', 'Goodbye', 44, 16, '2/12/2023');

-- Insert data into the table "event_message_reaction"
insert into MessageReaction (id_user, id_message) values (7, 22);
insert into MessageReaction (id_user, id_message) values (27, 31);
insert into MessageReaction (id_user, id_message) values (20, 22);
insert into MessageReaction (id_user, id_message) values (46, 38);
insert into MessageReaction (id_user, id_message) values (14, 39);
insert into MessageReaction (id_user, id_message) values (35, 11);
insert into MessageReaction (id_user, id_message) values (3, 15);
insert into MessageReaction (id_user, id_message) values (25, 14);
insert into MessageReaction (id_user, id_message) values (50, 42);
insert into MessageReaction (id_user, id_message) values (17, 24);
insert into MessageReaction (id_user, id_message) values (4, 38);
insert into MessageReaction (id_user, id_message) values (26, 5);
insert into MessageReaction (id_user, id_message) values (34, 21);
insert into MessageReaction (id_user, id_message) values (36, 46);
insert into MessageReaction (id_user, id_message) values (20, 6);
insert into MessageReaction (id_user, id_message) values (9, 45);
insert into MessageReaction (id_user, id_message) values (27, 6);
insert into MessageReaction (id_user, id_message) values (49, 17);
insert into MessageReaction (id_user, id_message) values (30, 33);
insert into MessageReaction (id_user, id_message) values (9, 9);
insert into MessageReaction (id_user, id_message) values (14, 25);
insert into MessageReaction (id_user, id_message) values (22, 13);
insert into MessageReaction (id_user, id_message) values (41, 32);
insert into MessageReaction (id_user, id_message) values (26, 25);
insert into MessageReaction (id_user, id_message) values (18, 20);
insert into MessageReaction (id_user, id_message) values (50, 24);
insert into MessageReaction (id_user, id_message) values (24, 22);
insert into MessageReaction (id_user, id_message) values (25, 9);
insert into MessageReaction (id_user, id_message) values (35, 16);
insert into MessageReaction (id_user, id_message) values (21, 4);
insert into MessageReaction (id_user, id_message) values (11, 20);
insert into MessageReaction (id_user, id_message) values (8, 1);
insert into MessageReaction (id_user, id_message) values (46, 45);
insert into MessageReaction (id_user, id_message) values (22, 50);
insert into MessageReaction (id_user, id_message) values (15, 35);
insert into MessageReaction (id_user, id_message) values (48, 33);
insert into MessageReaction (id_user, id_message) values (28, 22);
insert into MessageReaction (id_user, id_message) values (25, 21);
insert into MessageReaction (id_user, id_message) values (17, 41);
insert into MessageReaction (id_user, id_message) values (4, 29);
insert into MessageReaction (id_user, id_message) values (5, 49);
insert into MessageReaction (id_user, id_message) values (39, 47);
insert into MessageReaction (id_user, id_message) values (47, 47);
insert into MessageReaction (id_user, id_message) values (19, 22);
insert into MessageReaction (id_user, id_message) values (47, 27);
insert into MessageReaction (id_user, id_message) values (45, 36);
insert into MessageReaction (id_user, id_message) values (41, 8);
insert into MessageReaction (id_user, id_message) values (3, 28);
insert into MessageReaction (id_user, id_message) values (23, 50);
insert into MessageReaction (id_user, id_message) values (11, 44);

-- Insert data into the table "notification"
insert into Notification (id) values (1);
insert into Notification (id) values (2);
insert into Notification (id) values (3);
insert into Notification (id) values (4);
insert into Notification (id) values (5);
insert into Notification (id) values (6);
insert into Notification (id) values (7);
insert into Notification (id) values (8);
insert into Notification (id) values (9);
insert into Notification (id) values (10);
insert into Notification (id) values (11);
insert into Notification (id) values (12);
insert into Notification (id) values (13);
insert into Notification (id) values (14);
insert into Notification (id) values (15);
insert into Notification (id) values (16);
insert into Notification (id) values (17);
insert into Notification (id) values (18);
insert into Notification (id) values (19);
insert into Notification (id) values (20);
insert into Notification (id) values (21);
insert into Notification (id) values (22);
insert into Notification (id) values (23);
insert into Notification (id) values (24);
insert into Notification (id) values (25);
insert into Notification (id) values (26);
insert into Notification (id) values (27);
insert into Notification (id) values (28);
insert into Notification (id) values (29);
insert into Notification (id) values (30);
insert into Notification (id) values (31);
insert into Notification (id) values (32);
insert into Notification (id) values (33);
insert into Notification (id) values (34);
insert into Notification (id) values (35);
insert into Notification (id) values (36);
insert into Notification (id) values (37);
insert into Notification (id) values (38);
insert into Notification (id) values (39);
insert into Notification (id) values (40);
insert into Notification (id) values (41);
insert into Notification (id) values (42);
insert into Notification (id) values (43);
insert into Notification (id) values (44);
insert into Notification (id) values (45);
insert into Notification (id) values (46);
insert into Notification (id) values (47);
insert into Notification (id) values (48);
insert into Notification (id) values (49);
insert into Notification (id) values (50);

-- Insert data into the table "event_notification"
insert into EventNotification (id, id_user, id_event) values (1, 38, 29);
insert into EventNotification (id, id_user, id_event) values (2, 5, 45);
insert into EventNotification (id, id_user, id_event) values (3, 18, 32);
insert into EventNotification (id, id_user, id_event) values (4, 5, 23);
insert into EventNotification (id, id_user, id_event) values (5, 20, 44);
insert into EventNotification (id, id_user, id_event) values (6, 46, 18);
insert into EventNotification (id, id_user, id_event) values (7, 40, 48);
insert into EventNotification (id, id_user, id_event) values (8, 31, 41);
insert into EventNotification (id, id_user, id_event) values (9, 37, 6);
insert into EventNotification (id, id_user, id_event) values (10, 41, 44);
insert into EventNotification (id, id_user, id_event) values (11, 4, 18);
insert into EventNotification (id, id_user, id_event) values (12, 18, 41);
insert into EventNotification (id, id_user, id_event) values (13, 39, 37);
insert into EventNotification (id, id_user, id_event) values (14, 8, 25);
insert into EventNotification (id, id_user, id_event) values (15, 6, 41);
insert into EventNotification (id, id_user, id_event) values (16, 48, 35);
insert into EventNotification (id, id_user, id_event) values (17, 10, 13);
insert into EventNotification (id, id_user, id_event) values (18, 34, 29);
insert into EventNotification (id, id_user, id_event) values (19, 21, 32);
insert into EventNotification (id, id_user, id_event) values (20, 10, 5);
insert into EventNotification (id, id_user, id_event) values (21, 35, 48);
insert into EventNotification (id, id_user, id_event) values (22, 10, 5);
insert into EventNotification (id, id_user, id_event) values (23, 12, 17);
insert into EventNotification (id, id_user, id_event) values (24, 12, 4);
insert into EventNotification (id, id_user, id_event) values (25, 17, 11);
insert into EventNotification (id, id_user, id_event) values (26, 47, 34);
insert into EventNotification (id, id_user, id_event) values (27, 33, 19);
insert into EventNotification (id, id_user, id_event) values (28, 46, 21);
insert into EventNotification (id, id_user, id_event) values (29, 14, 26);
insert into EventNotification (id, id_user, id_event) values (30, 48, 3);
insert into EventNotification (id, id_user, id_event) values (31, 18, 13);
insert into EventNotification (id, id_user, id_event) values (32, 4, 15);
insert into EventNotification (id, id_user, id_event) values (33, 12, 17);
insert into EventNotification (id, id_user, id_event) values (34, 33, 25);
insert into EventNotification (id, id_user, id_event) values (35, 41, 43);
insert into EventNotification (id, id_user, id_event) values (36, 33, 32);
insert into EventNotification (id, id_user, id_event) values (37, 32, 48);
insert into EventNotification (id, id_user, id_event) values (38, 34, 40);
insert into EventNotification (id, id_user, id_event) values (39, 28, 9);
insert into EventNotification (id, id_user, id_event) values (40, 25, 43);
insert into EventNotification (id, id_user, id_event) values (41, 10, 43);
insert into EventNotification (id, id_user, id_event) values (42, 47, 14);
insert into EventNotification (id, id_user, id_event) values (43, 29, 3);
insert into EventNotification (id, id_user, id_event) values (44, 43, 17);
insert into EventNotification (id, id_user, id_event) values (45, 34, 21);
insert into EventNotification (id, id_user, id_event) values (46, 48, 15);
insert into EventNotification (id, id_user, id_event) values (47, 16, 28);
insert into EventNotification (id, id_user, id_event) values (48, 34, 40);
insert into EventNotification (id, id_user, id_event) values (49, 6, 17);
insert into EventNotification (id, id_user, id_event) values (50, 28, 25);

-- Insert data into the table "message_notification"
insert into MessageNotification (id, id_user, id_message) values (1, 24, 18);
insert into MessageNotification (id, id_user, id_message) values (2, 31, 36);
insert into MessageNotification (id, id_user, id_message) values (3, 10, 4);
insert into MessageNotification (id, id_user, id_message) values (4, 22, 35);
insert into MessageNotification (id, id_user, id_message) values (5, 28, 26);
insert into MessageNotification (id, id_user, id_message) values (6, 40, 45);
insert into MessageNotification (id, id_user, id_message) values (7, 42, 28);
insert into MessageNotification (id, id_user, id_message) values (8, 37, 38);
insert into MessageNotification (id, id_user, id_message) values (9, 34, 46);
insert into MessageNotification (id, id_user, id_message) values (10, 26, 16);
insert into MessageNotification (id, id_user, id_message) values (11, 15, 6);
insert into MessageNotification (id, id_user, id_message) values (12, 43, 37);
insert into MessageNotification (id, id_user, id_message) values (13, 11, 33);
insert into MessageNotification (id, id_user, id_message) values (14, 33, 27);
insert into MessageNotification (id, id_user, id_message) values (15, 42, 39);
insert into MessageNotification (id, id_user, id_message) values (16, 9, 13);
insert into MessageNotification (id, id_user, id_message) values (17, 42, 42);
insert into MessageNotification (id, id_user, id_message) values (18, 28, 38);
insert into MessageNotification (id, id_user, id_message) values (19, 37, 10);
insert into MessageNotification (id, id_user, id_message) values (20, 17, 43);
insert into MessageNotification (id, id_user, id_message) values (21, 29, 15);
insert into MessageNotification (id, id_user, id_message) values (22, 49, 5);
insert into MessageNotification (id, id_user, id_message) values (23, 48, 10);
insert into MessageNotification (id, id_user, id_message) values (24, 24, 10);
insert into MessageNotification (id, id_user, id_message) values (25, 6, 32);
insert into MessageNotification (id, id_user, id_message) values (26, 40, 27);
insert into MessageNotification (id, id_user, id_message) values (27, 27, 24);
insert into MessageNotification (id, id_user, id_message) values (28, 46, 30);
insert into MessageNotification (id, id_user, id_message) values (29, 37, 26);
insert into MessageNotification (id, id_user, id_message) values (30, 46, 6);
insert into MessageNotification (id, id_user, id_message) values (31, 36, 38);
insert into MessageNotification (id, id_user, id_message) values (32, 42, 27);
insert into MessageNotification (id, id_user, id_message) values (33, 24, 8);
insert into MessageNotification (id, id_user, id_message) values (34, 35, 28);
insert into MessageNotification (id, id_user, id_message) values (35, 28, 5);
insert into MessageNotification (id, id_user, id_message) values (36, 38, 37);
insert into MessageNotification (id, id_user, id_message) values (37, 4, 43);
insert into MessageNotification (id, id_user, id_message) values (38, 18, 10);
insert into MessageNotification (id, id_user, id_message) values (39, 38, 36);
insert into MessageNotification (id, id_user, id_message) values (40, 18, 13);
insert into MessageNotification (id, id_user, id_message) values (41, 20, 10);
insert into MessageNotification (id, id_user, id_message) values (42, 9, 10);
insert into MessageNotification (id, id_user, id_message) values (43, 3, 4);
insert into MessageNotification (id, id_user, id_message) values (44, 23, 50);
insert into MessageNotification (id, id_user, id_message) values (45, 24, 23);
insert into MessageNotification (id, id_user, id_message) values (46, 6, 14);
insert into MessageNotification (id, id_user, id_message) values (47, 34, 44);
insert into MessageNotification (id, id_user, id_message) values (48, 17, 50);
insert into MessageNotification (id, id_user, id_message) values (49, 35, 42);
insert into MessageNotification (id, id_user, id_message) values (50, 16, 41);

-- Insert data into the table "event_participants"
insert into EventParticipants (id_user, id_event) values (38, 34);
insert into EventParticipants (id_user, id_event) values (15, 31);
insert into EventParticipants (id_user, id_event) values (35, 6);
insert into EventParticipants (id_user, id_event) values (24, 43);
insert into EventParticipants (id_user, id_event) values (3, 38);
insert into EventParticipants (id_user, id_event) values (29, 39);
insert into EventParticipants (id_user, id_event) values (38, 50);
insert into EventParticipants (id_user, id_event) values (28, 12);
insert into EventParticipants (id_user, id_event) values (35, 27);
insert into EventParticipants (id_user, id_event) values (33, 42);
insert into EventParticipants (id_user, id_event) values (34, 44);
insert into EventParticipants (id_user, id_event) values (40, 16);
insert into EventParticipants (id_user, id_event) values (36, 41);
insert into EventParticipants (id_user, id_event) values (37, 34);
insert into EventParticipants (id_user, id_event) values (8, 41);
insert into EventParticipants (id_user, id_event) values (44, 12);
insert into EventParticipants (id_user, id_event) values (27, 8);
insert into EventParticipants (id_user, id_event) values (9, 16);
insert into EventParticipants (id_user, id_event) values (14, 17);
insert into EventParticipants (id_user, id_event) values (27, 2);
insert into EventParticipants (id_user, id_event) values (45, 8);
insert into EventParticipants (id_user, id_event) values (24, 7);
insert into EventParticipants (id_user, id_event) values (5, 23);
insert into EventParticipants (id_user, id_event) values (41, 9);
insert into EventParticipants (id_user, id_event) values (37, 4);
insert into EventParticipants (id_user, id_event) values (41, 5);
insert into EventParticipants (id_user, id_event) values (24, 7);
insert into EventParticipants (id_user, id_event) values (29, 18);
insert into EventParticipants (id_user, id_event) values (11, 47);
insert into EventParticipants (id_user, id_event) values (19, 50);
insert into EventParticipants (id_user, id_event) values (8, 24);
insert into EventParticipants (id_user, id_event) values (10, 26);
insert into EventParticipants (id_user, id_event) values (23, 14);
insert into EventParticipants (id_user, id_event) values (32, 41);
insert into EventParticipants (id_user, id_event) values (32, 19);
insert into EventParticipants (id_user, id_event) values (21, 21);
insert into EventParticipants (id_user, id_event) values (13, 14);
insert into EventParticipants (id_user, id_event) values (50, 19);
insert into EventParticipants (id_user, id_event) values (20, 44);
insert into EventParticipants (id_user, id_event) values (38, 19);
insert into EventParticipants (id_user, id_event) values (4, 33);
insert into EventParticipants (id_user, id_event) values (47, 7);
insert into EventParticipants (id_user, id_event) values (38, 1);
insert into EventParticipants (id_user, id_event) values (40, 5);
insert into EventParticipants (id_user, id_event) values (47, 25);
insert into EventParticipants (id_user, id_event) values (32, 9);
insert into EventParticipants (id_user, id_event) values (2, 20);
insert into EventParticipants (id_user, id_event) values (48, 43);
insert into EventParticipants (id_user, id_event) values (35, 28);
insert into EventParticipants (id_user, id_event) values (9, 36);

-- Insert data into the table "favorite_event"
insert into FavoriteEvent (id_user, id_event) values (47, 32);
insert into FavoriteEvent (id_user, id_event) values (23, 9);
insert into FavoriteEvent (id_user, id_event) values (13, 35);
insert into FavoriteEvent (id_user, id_event) values (32, 47);
insert into FavoriteEvent (id_user, id_event) values (24, 43);
insert into FavoriteEvent (id_user, id_event) values (22, 3);
insert into FavoriteEvent (id_user, id_event) values (40, 44);
insert into FavoriteEvent (id_user, id_event) values (34, 28);
insert into FavoriteEvent (id_user, id_event) values (39, 1);
insert into FavoriteEvent (id_user, id_event) values (22, 20);
insert into FavoriteEvent (id_user, id_event) values (8, 29);
insert into FavoriteEvent (id_user, id_event) values (45, 41);
insert into FavoriteEvent (id_user, id_event) values (18, 38);
insert into FavoriteEvent (id_user, id_event) values (14, 42);
insert into FavoriteEvent (id_user, id_event) values (6, 11);
insert into FavoriteEvent (id_user, id_event) values (16, 30);
insert into FavoriteEvent (id_user, id_event) values (5, 46);
insert into FavoriteEvent (id_user, id_event) values (49, 28);
insert into FavoriteEvent (id_user, id_event) values (45, 3);
insert into FavoriteEvent (id_user, id_event) values (47, 50);
insert into FavoriteEvent (id_user, id_event) values (10, 2);
insert into FavoriteEvent (id_user, id_event) values (25, 16);
insert into FavoriteEvent (id_user, id_event) values (46, 46);
insert into FavoriteEvent (id_user, id_event) values (5, 14);
insert into FavoriteEvent (id_user, id_event) values (2, 17);
insert into FavoriteEvent (id_user, id_event) values (26, 45);
insert into FavoriteEvent (id_user, id_event) values (30, 27);
insert into FavoriteEvent (id_user, id_event) values (39, 1);
insert into FavoriteEvent (id_user, id_event) values (2, 21);
insert into FavoriteEvent (id_user, id_event) values (39, 25);
insert into FavoriteEvent (id_user, id_event) values (18, 6);
insert into FavoriteEvent (id_user, id_event) values (18, 7);
insert into FavoriteEvent (id_user, id_event) values (43, 14);
insert into FavoriteEvent (id_user, id_event) values (21, 2);
insert into FavoriteEvent (id_user, id_event) values (3, 48);
insert into FavoriteEvent (id_user, id_event) values (16, 30);
insert into FavoriteEvent (id_user, id_event) values (10, 21);
insert into FavoriteEvent (id_user, id_event) values (36, 42);
insert into FavoriteEvent (id_user, id_event) values (11, 27);
insert into FavoriteEvent (id_user, id_event) values (39, 44);
insert into FavoriteEvent (id_user, id_event) values (43, 7);
insert into FavoriteEvent (id_user, id_event) values (13, 31);
insert into FavoriteEvent (id_user, id_event) values (26, 13);
insert into FavoriteEvent (id_user, id_event) values (17, 36);
insert into FavoriteEvent (id_user, id_event) values (49, 28);
insert into FavoriteEvent (id_user, id_event) values (36, 41);
insert into FavoriteEvent (id_user, id_event) values (5, 22);
insert into FavoriteEvent (id_user, id_event) values (38, 32);
insert into FavoriteEvent (id_user, id_event) values (20, 17);
insert into FavoriteEvent (id_user, id_event) values (21, 33);

-- Insert data into the table "hashtag"
insert into Hashtag (id, title) values (1, 'cricket');
insert into Hashtag (id, title) values (2, 'hockey');
insert into Hashtag (id, title) values (3, 'baseball');
insert into Hashtag (id, title) values (4, 'baseball');
insert into Hashtag (id, title) values (5, 'hockey');
insert into Hashtag (id, title) values (6, 'hockey');
insert into Hashtag (id, title) values (7, 'baseball');
insert into Hashtag (id, title) values (8, 'hockey');
insert into Hashtag (id, title) values (9, 'hockey');
insert into Hashtag (id, title) values (10, 'golf');
insert into Hashtag (id, title) values (11, 'volleyball');
insert into Hashtag (id, title) values (12, 'cricket');
insert into Hashtag (id, title) values (13, 'soccer');
insert into Hashtag (id, title) values (14, 'hockey');
insert into Hashtag (id, title) values (15, 'football');
insert into Hashtag (id, title) values (16, 'baseball');
insert into Hashtag (id, title) values (17, 'hockey');
insert into Hashtag (id, title) values (18, 'football');
insert into Hashtag (id, title) values (19, 'football');
insert into Hashtag (id, title) values (20, 'volleyball');
insert into Hashtag (id, title) values (21, 'soccer');
insert into Hashtag (id, title) values (22, 'golf');
insert into Hashtag (id, title) values (23, 'cricket');
insert into Hashtag (id, title) values (24, 'basketball');
insert into Hashtag (id, title) values (25, 'soccer');
insert into Hashtag (id, title) values (26, 'rugby');
insert into Hashtag (id, title) values (27, 'soccer');
insert into Hashtag (id, title) values (28, 'baseball');
insert into Hashtag (id, title) values (29, 'baseball');
insert into Hashtag (id, title) values (30, 'soccer');
insert into Hashtag (id, title) values (31, 'hockey');
insert into Hashtag (id, title) values (32, 'tennis');
insert into Hashtag (id, title) values (33, 'golf');
insert into Hashtag (id, title) values (34, 'hockey');
insert into Hashtag (id, title) values (35, 'hockey');
insert into Hashtag (id, title) values (36, 'hockey');
insert into Hashtag (id, title) values (37, 'cricket');
insert into Hashtag (id, title) values (38, 'cricket');
insert into Hashtag (id, title) values (39, 'soccer');
insert into Hashtag (id, title) values (40, 'soccer');
insert into Hashtag (id, title) values (41, 'football');
insert into Hashtag (id, title) values (42, 'baseball');
insert into Hashtag (id, title) values (43, 'football');
insert into Hashtag (id, title) values (44, 'hockey');
insert into Hashtag (id, title) values (45, 'football');
insert into Hashtag (id, title) values (46, 'rugby');
insert into Hashtag (id, title) values (47, 'baseball');
insert into Hashtag (id, title) values (48, 'hockey');
insert into Hashtag (id, title) values (49, 'rugby');
insert into Hashtag (id, title) values (50, 'basketball');

-- Insert data into the table "event_hashtag"
insert into EventHashtag (id_event, id_hashtag) values (8, 15);
insert into EventHashtag (id_event, id_hashtag) values (21, 14);
insert into EventHashtag (id_event, id_hashtag) values (3, 6);
insert into EventHashtag (id_event, id_hashtag) values (36, 49);
insert into EventHashtag (id_event, id_hashtag) values (21, 16);
insert into EventHashtag (id_event, id_hashtag) values (3, 1);
insert into EventHashtag (id_event, id_hashtag) values (8, 11);
insert into EventHashtag (id_event, id_hashtag) values (35, 9);
insert into EventHashtag (id_event, id_hashtag) values (9, 44);
insert into EventHashtag (id_event, id_hashtag) values (45, 13);
insert into EventHashtag (id_event, id_hashtag) values (25, 50);
insert into EventHashtag (id_event, id_hashtag) values (43, 39);
insert into EventHashtag (id_event, id_hashtag) values (13, 1);
insert into EventHashtag (id_event, id_hashtag) values (28, 36);
insert into EventHashtag (id_event, id_hashtag) values (27, 11);
insert into EventHashtag (id_event, id_hashtag) values (35, 7);
insert into EventHashtag (id_event, id_hashtag) values (16, 11);
insert into EventHashtag (id_event, id_hashtag) values (45, 34);
insert into EventHashtag (id_event, id_hashtag) values (15, 2);
insert into EventHashtag (id_event, id_hashtag) values (15, 26);
insert into EventHashtag (id_event, id_hashtag) values (21, 23);
insert into EventHashtag (id_event, id_hashtag) values (19, 47);
insert into EventHashtag (id_event, id_hashtag) values (18, 30);
insert into EventHashtag (id_event, id_hashtag) values (27, 33);
insert into EventHashtag (id_event, id_hashtag) values (12, 26);
insert into EventHashtag (id_event, id_hashtag) values (4, 27);
insert into EventHashtag (id_event, id_hashtag) values (19, 2);
insert into EventHashtag (id_event, id_hashtag) values (42, 6);
insert into EventHashtag (id_event, id_hashtag) values (9, 18);
insert into EventHashtag (id_event, id_hashtag) values (22, 43);
insert into EventHashtag (id_event, id_hashtag) values (3, 48);
insert into EventHashtag (id_event, id_hashtag) values (19, 48);
insert into EventHashtag (id_event, id_hashtag) values (13, 33);
insert into EventHashtag (id_event, id_hashtag) values (12, 10);
insert into EventHashtag (id_event, id_hashtag) values (25, 48);
insert into EventHashtag (id_event, id_hashtag) values (29, 10);
insert into EventHashtag (id_event, id_hashtag) values (36, 30);
insert into EventHashtag (id_event, id_hashtag) values (49, 25);
insert into EventHashtag (id_event, id_hashtag) values (11, 14);
insert into EventHashtag (id_event, id_hashtag) values (22, 39);
insert into EventHashtag (id_event, id_hashtag) values (28, 47);
insert into EventHashtag (id_event, id_hashtag) values (1, 28);
insert into EventHashtag (id_event, id_hashtag) values (15, 32);
insert into EventHashtag (id_event, id_hashtag) values (47, 25);
insert into EventHashtag (id_event, id_hashtag) values (15, 29);
insert into EventHashtag (id_event, id_hashtag) values (9, 18);
insert into EventHashtag (id_event, id_hashtag) values (34, 41);
insert into EventHashtag (id_event, id_hashtag) values (4, 7);
insert into EventHashtag (id_event, id_hashtag) values (26, 29);
insert into EventHashtag (id_event, id_hashtag) values (46, 44);

-- Insert data into the table "ticket_type"
insert into TicketType (id, id_event, title, price, category, availability) values (1, 30, 'Boxing Match - Heavyweight Championship', 91, 'Hockey', 73);
insert into TicketType (id, id_event, title, price, category, availability) values (2, 1, 'Football Match - Team A vs Team B', 82, 'Cycling', 2);
insert into TicketType (id, id_event, title, price, category, availability) values (3, 42, 'Football Match - Team A vs Team B', 43, 'Running', 34);
insert into TicketType (id, id_event, title, price, category, availability) values (4, 15, 'Golf Championship - Day 1', 63, 'Swimming', 42);
insert into TicketType (id, id_event, title, price, category, availability) values (5, 36, 'Football Match - Team A vs Team B', 129, 'Baseball', 40);
insert into TicketType (id, id_event, title, price, category, availability) values (6, 15, 'Swimming Competition - 100m Freestyle', 36, 'Cycling', 55);
insert into TicketType (id, id_event, title, price, category, availability) values (7, 46, 'Cricket Match - Team E vs Team F', 12, 'Hockey', 92);
insert into TicketType (id, id_event, title, price, category, availability) values (8, 15, 'Volleyball Tournament - Women''s Division', 28, 'Hockey', 32);
insert into TicketType (id, id_event, title, price, category, availability) values (9, 6, 'Basketball Game - Team C vs Team D', 76, 'Basketball', 37);
insert into TicketType (id, id_event, title, price, category, availability) values (10, 16, 'Basketball Game - Team C vs Team D', 91, 'Golf', 17);
insert into TicketType (id, id_event, title, price, category, availability) values (11, 24, 'Basketball Game - Team C vs Team D', 8, 'Cycling', 82);
insert into TicketType (id, id_event, title, price, category, availability) values (12, 30, 'Football Match - Team A vs Team B', 2, 'Running', 38);
insert into TicketType (id, id_event, title, price, category, availability) values (13, 39, 'Cricket Match - Team E vs Team F', 99, 'Swimming', 33);
insert into TicketType (id, id_event, title, price, category, availability) values (14, 7, 'Tennis Tournament - Singles Finals', 141, 'Running', 49);
insert into TicketType (id, id_event, title, price, category, availability) values (15, 3, 'Tennis Tournament - Singles Finals', 107, 'Baseball', 72);
insert into TicketType (id, id_event, title, price, category, availability) values (16, 15, 'Football Match - Team A vs Team B', 42, 'Swimming', 18);
insert into TicketType (id, id_event, title, price, category, availability) values (17, 24, 'Rugby Match - Team I vs Team J', 18, 'Volleyball', 20);
insert into TicketType (id, id_event, title, price, category, availability) values (18, 7, 'Rugby Match - Team I vs Team J', 147, 'Volleyball', 10);
insert into TicketType (id, id_event, title, price, category, availability) values (19, 26, 'Football Match - Team A vs Team B', 102, 'Running', 82);
insert into TicketType (id, id_event, title, price, category, availability) values (20, 3, 'Golf Championship - Day 1', 134, 'Tennis', 99);
insert into TicketType (id, id_event, title, price, category, availability) values (21, 4, 'Volleyball Tournament - Women''s Division', 33, 'Golf', 69);
insert into TicketType (id, id_event, title, price, category, availability) values (22, 3, 'Baseball Game - Team G vs Team H', 131, 'Basketball', 7);
insert into TicketType (id, id_event, title, price, category, availability) values (23, 48, 'Tennis Tournament - Singles Finals', 132, 'Running', 49);
insert into TicketType (id, id_event, title, price, category, availability) values (24, 27, 'Rugby Match - Team I vs Team J', 128, 'Running', 83);
insert into TicketType (id, id_event, title, price, category, availability) values (25, 31, 'Swimming Competition - 100m Freestyle', 27, 'Football', 76);
insert into TicketType (id, id_event, title, price, category, availability) values (26, 25, 'Football Match - Team A vs Team B', 92, 'Cycling', 77);
insert into TicketType (id, id_event, title, price, category, availability) values (27, 26, 'Golf Championship - Day 1', 84, 'Basketball', 10);
insert into TicketType (id, id_event, title, price, category, availability) values (28, 14, 'Volleyball Tournament - Women''s Division', 29, 'Basketball', 79);
insert into TicketType (id, id_event, title, price, category, availability) values (29, 18, 'Swimming Competition - 100m Freestyle', 120, 'Volleyball', 66);
insert into TicketType (id, id_event, title, price, category, availability) values (30, 46, 'Football Match - Team A vs Team B', 105, 'Football', 81);
insert into TicketType (id, id_event, title, price, category, availability) values (31, 17, 'Golf Championship - Day 1', 31, 'Golf', 6);
insert into TicketType (id, id_event, title, price, category, availability) values (32, 9, 'Tennis Tournament - Singles Finals', 142, 'Baseball', 35);
insert into TicketType (id, id_event, title, price, category, availability) values (33, 48, 'Football Match - Team A vs Team B', 15, 'Football', 95);
insert into TicketType (id, id_event, title, price, category, availability) values (34, 18, 'Boxing Match - Heavyweight Championship', 37, 'Basketball', 17);
insert into TicketType (id, id_event, title, price, category, availability) values (35, 10, 'Tennis Tournament - Singles Finals', 75, 'Swimming', 96);
insert into TicketType (id, id_event, title, price, category, availability) values (36, 30, 'Swimming Competition - 100m Freestyle', 81, 'Swimming', 22);
insert into TicketType (id, id_event, title, price, category, availability) values (37, 18, 'Rugby Match - Team I vs Team J', 143, 'Volleyball', 46);
insert into TicketType (id, id_event, title, price, category, availability) values (38, 8, 'Golf Championship - Day 1', 109, 'Baseball', 30);
insert into TicketType (id, id_event, title, price, category, availability) values (39, 46, 'Tennis Tournament - Singles Finals', 82, 'Running', 58);
insert into TicketType (id, id_event, title, price, category, availability) values (40, 35, 'Golf Championship - Day 1', 63, 'Volleyball', 47);
insert into TicketType (id, id_event, title, price, category, availability) values (41, 27, 'Football Match - Team A vs Team B', 2, 'Hockey', 72);
insert into TicketType (id, id_event, title, price, category, availability) values (42, 8, 'Boxing Match - Heavyweight Championship', 93, 'Running', 60);
insert into TicketType (id, id_event, title, price, category, availability) values (43, 39, 'Baseball Game - Team G vs Team H', 30, 'Tennis', 3);
insert into TicketType (id, id_event, title, price, category, availability) values (44, 4, 'Boxing Match - Heavyweight Championship', 46, 'Baseball', 83);
insert into TicketType (id, id_event, title, price, category, availability) values (45, 26, 'Rugby Match - Team I vs Team J', 112, 'Football', 97);
insert into TicketType (id, id_event, title, price, category, availability) values (46, 27, 'Cricket Match - Team E vs Team F', 128, 'Swimming', 7);
insert into TicketType (id, id_event, title, price, category, availability) values (47, 26, 'Rugby Match - Team I vs Team J', 37, 'Tennis', 85);
insert into TicketType (id, id_event, title, price, category, availability) values (48, 18, 'Volleyball Tournament - Women''s Division', 108, 'Football', 12);
insert into TicketType (id, id_event, title, price, category, availability) values (49, 31, 'Volleyball Tournament - Women''s Division', 110, 'Swimming', 37);
insert into TicketType (id, id_event, title, price, category, availability) values (50, 36, 'Rugby Match - Team I vs Team J', 126, 'Football', 66);

-- Insert data into the table "orders"
insert into Orders (id, order_number, id_user) values (1, 15, 35);
insert into Orders (id, order_number, id_user) values (2, 64, 23);
insert into Orders (id, order_number, id_user) values (3, 86, 15);
insert into Orders (id, order_number, id_user) values (4, 4, 46);
insert into Orders (id, order_number, id_user) values (5, 93, 49);
insert into Orders (id, order_number, id_user) values (6, 80, 41);
insert into Orders (id, order_number, id_user) values (7, 29, 29);
insert into Orders (id, order_number, id_user) values (8, 70, 35);
insert into Orders (id, order_number, id_user) values (9, 40, 33);
insert into Orders (id, order_number, id_user) values (10, 7, 37);
insert into Orders (id, order_number, id_user) values (11, 67, 20);
insert into Orders (id, order_number, id_user) values (12, 81, 37);
insert into Orders (id, order_number, id_user) values (13, 57, 44);
insert into Orders (id, order_number, id_user) values (14, 50, 3);
insert into Orders (id, order_number, id_user) values (15, 78, 15);
insert into Orders (id, order_number, id_user) values (16, 71, 8);
insert into Orders (id, order_number, id_user) values (17, 96, 7);
insert into Orders (id, order_number, id_user) values (18, 24, 34);
insert into Orders (id, order_number, id_user) values (19, 23, 50);
insert into Orders (id, order_number, id_user) values (20, 38, 22);
insert into Orders (id, order_number, id_user) values (21, 4, 49);
insert into Orders (id, order_number, id_user) values (22, 8, 23);
insert into Orders (id, order_number, id_user) values (23, 1, 43);
insert into Orders (id, order_number, id_user) values (24, 74, 34);
insert into Orders (id, order_number, id_user) values (25, 14, 29);
insert into Orders (id, order_number, id_user) values (26, 41, 11);
insert into Orders (id, order_number, id_user) values (27, 99, 44);
insert into Orders (id, order_number, id_user) values (28, 73, 38);
insert into Orders (id, order_number, id_user) values (29, 74, 25);
insert into Orders (id, order_number, id_user) values (30, 69, 14);
insert into Orders (id, order_number, id_user) values (31, 52, 41);
insert into Orders (id, order_number, id_user) values (32, 19, 4);
insert into Orders (id, order_number, id_user) values (33, 70, 44);
insert into Orders (id, order_number, id_user) values (34, 44, 13);
insert into Orders (id, order_number, id_user) values (35, 54, 2);
insert into Orders (id, order_number, id_user) values (36, 12, 29);
insert into Orders (id, order_number, id_user) values (37, 40, 30);
insert into Orders (id, order_number, id_user) values (38, 46, 2);
insert into Orders (id, order_number, id_user) values (39, 42, 47);
insert into Orders (id, order_number, id_user) values (40, 78, 10);
insert into Orders (id, order_number, id_user) values (41, 85, 34);
insert into Orders (id, order_number, id_user) values (42, 100, 24);
insert into Orders (id, order_number, id_user) values (43, 43, 31);
insert into Orders (id, order_number, id_user) values (44, 28, 37);
insert into Orders (id, order_number, id_user) values (45, 73, 9);
insert into Orders (id, order_number, id_user) values (46, 86, 14);
insert into Orders (id, order_number, id_user) values (47, 30, 41);
insert into Orders (id, order_number, id_user) values (48, 1, 27);
insert into Orders (id, order_number, id_user) values (49, 21, 18);
insert into Orders (id, order_number, id_user) values (50, 94, 40);

-- Insert data into the table "ticket"
insert into Ticket (id, description, id_order, id_ticket_type) values (1, 'Baseball game - MLB: New York Yankees vs. Boston Red Sox', 29, 31);
insert into Ticket (id, description, id_order, id_ticket_type) values (2, 'Football match - Premier League: Manchester United vs. Liverpool', 12, 31);
insert into Ticket (id, description, id_order, id_ticket_type) values (3, 'Hockey game - NHL: Chicago Blackhawks vs. Detroit Red Wings', 9, 13);
insert into Ticket (id, description, id_order, id_ticket_type) values (4, 'Formula 1 race - Monaco Grand Prix', 35, 44);
insert into Ticket (id, description, id_order, id_ticket_type) values (5, 'Cricket match - ICC World Cup: India vs. Australia', 42, 37);
insert into Ticket (id, description, id_order, id_ticket_type) values (6, 'Hockey game - NHL: Chicago Blackhawks vs. Detroit Red Wings', 27, 31);
insert into Ticket (id, description, id_order, id_ticket_type) values (7, 'Hockey game - NHL: Chicago Blackhawks vs. Detroit Red Wings', 17, 30);
insert into Ticket (id, description, id_order, id_ticket_type) values (8, 'Football match - Premier League: Manchester United vs. Liverpool', 43, 15);
insert into Ticket (id, description, id_order, id_ticket_type) values (9, 'Formula 1 race - Monaco Grand Prix', 17, 34);
insert into Ticket (id, description, id_order, id_ticket_type) values (10, 'Rugby match - Six Nations Championship: England vs. Ireland', 4, 45);
insert into Ticket (id, description, id_order, id_ticket_type) values (11, 'Football match - Premier League: Manchester United vs. Liverpool', 12, 18);
insert into Ticket (id, description, id_order, id_ticket_type) values (12, 'Formula 1 race - Monaco Grand Prix', 4, 21);
insert into Ticket (id, description, id_order, id_ticket_type) values (13, 'Basketball game - NBA: Los Angeles Lakers vs. Golden State Warriors', 30, 35);
insert into Ticket (id, description, id_order, id_ticket_type) values (14, 'Rugby match - Six Nations Championship: England vs. Ireland', 23, 22);
insert into Ticket (id, description, id_order, id_ticket_type) values (15, 'Cricket match - ICC World Cup: India vs. Australia', 41, 41);
insert into Ticket (id, description, id_order, id_ticket_type) values (16, 'Soccer match - UEFA Champions League: Real Madrid vs. Barcelona', 49, 22);
insert into Ticket (id, description, id_order, id_ticket_type) values (17, 'Basketball game - NBA: Los Angeles Lakers vs. Golden State Warriors', 31, 13);
insert into Ticket (id, description, id_order, id_ticket_type) values (18, 'Soccer match - UEFA Champions League: Real Madrid vs. Barcelona', 14, 19);
insert into Ticket (id, description, id_order, id_ticket_type) values (19, 'Rugby match - Six Nations Championship: England vs. Ireland', 12, 22);
insert into Ticket (id, description, id_order, id_ticket_type) values (20, 'Formula 1 race - Monaco Grand Prix', 10, 8);
insert into Ticket (id, description, id_order, id_ticket_type) values (21, 'Rugby match - Six Nations Championship: England vs. Ireland', 27, 37);
insert into Ticket (id, description, id_order, id_ticket_type) values (22, 'Rugby match - Six Nations Championship: England vs. Ireland', 47, 29);
insert into Ticket (id, description, id_order, id_ticket_type) values (23, 'Rugby match - Six Nations Championship: England vs. Ireland', 11, 30);
insert into Ticket (id, description, id_order, id_ticket_type) values (24, 'Hockey game - NHL: Chicago Blackhawks vs. Detroit Red Wings', 48, 49);
insert into Ticket (id, description, id_order, id_ticket_type) values (25, 'Golf tournament - The Masters: Final Round', 32, 14);
insert into Ticket (id, description, id_order, id_ticket_type) values (26, 'Hockey game - NHL: Chicago Blackhawks vs. Detroit Red Wings', 34, 28);
insert into Ticket (id, description, id_order, id_ticket_type) values (27, 'Football match - Premier League: Manchester United vs. Liverpool', 20, 14);
insert into Ticket (id, description, id_order, id_ticket_type) values (28, 'Soccer match - UEFA Champions League: Real Madrid vs. Barcelona', 27, 48);
insert into Ticket (id, description, id_order, id_ticket_type) values (29, 'Golf tournament - The Masters: Final Round', 38, 47);
insert into Ticket (id, description, id_order, id_ticket_type) values (30, 'Rugby match - Six Nations Championship: England vs. Ireland', 26, 49);
insert into Ticket (id, description, id_order, id_ticket_type) values (31, 'Golf tournament - The Masters: Final Round', 42, 17);
insert into Ticket (id, description, id_order, id_ticket_type) values (32, 'Tennis tournament - Wimbledon: Men''s Singles Final', 38, 37);
insert into Ticket (id, description, id_order, id_ticket_type) values (33, 'Rugby match - Six Nations Championship: England vs. Ireland', 6, 14);
insert into Ticket (id, description, id_order, id_ticket_type) values (34, 'Golf tournament - The Masters: Final Round', 46, 35);
insert into Ticket (id, description, id_order, id_ticket_type) values (35, 'Basketball game - NBA: Los Angeles Lakers vs. Golden State Warriors', 30, 26);
insert into Ticket (id, description, id_order, id_ticket_type) values (36, 'Tennis tournament - Wimbledon: Men''s Singles Final', 49, 30);
insert into Ticket (id, description, id_order, id_ticket_type) values (37, 'Cricket match - ICC World Cup: India vs. Australia', 40, 4);
insert into Ticket (id, description, id_order, id_ticket_type) values (38, 'Rugby match - Six Nations Championship: England vs. Ireland', 5, 31);
insert into Ticket (id, description, id_order, id_ticket_type) values (39, 'Cricket match - ICC World Cup: India vs. Australia', 49, 16);
insert into Ticket (id, description, id_order, id_ticket_type) values (40, 'Golf tournament - The Masters: Final Round', 41, 14);
insert into Ticket (id, description, id_order, id_ticket_type) values (41, 'Baseball game - MLB: New York Yankees vs. Boston Red Sox', 34, 38);
insert into Ticket (id, description, id_order, id_ticket_type) values (42, 'Soccer match - UEFA Champions League: Real Madrid vs. Barcelona', 42, 43);
insert into Ticket (id, description, id_order, id_ticket_type) values (43, 'Basketball game - NBA: Los Angeles Lakers vs. Golden State Warriors', 6, 5);
insert into Ticket (id, description, id_order, id_ticket_type) values (44, 'Golf tournament - The Masters: Final Round', 42, 46);
insert into Ticket (id, description, id_order, id_ticket_type) values (45, 'Soccer match - UEFA Champions League: Real Madrid vs. Barcelona', 40, 47);
insert into Ticket (id, description, id_order, id_ticket_type) values (46, 'Formula 1 race - Monaco Grand Prix', 36, 29);
insert into Ticket (id, description, id_order, id_ticket_type) values (47, 'Cricket match - ICC World Cup: India vs. Australia', 8, 38);
insert into Ticket (id, description, id_order, id_ticket_type) values (48, 'Soccer match - UEFA Champions League: Real Madrid vs. Barcelona', 43, 18);
insert into Ticket (id, description, id_order, id_ticket_type) values (49, 'Rugby match - Six Nations Championship: England vs. Ireland', 6, 16);
insert into Ticket (id, description, id_order, id_ticket_type) values (50, 'Formula 1 race - Monaco Grand Prix', 36, 23);

-- Insert data into the table "order_detail"
insert into OrderDetail (id_order, quantity) values (45, 6);
insert into OrderDetail (id_order, quantity) values (9, 3);
insert into OrderDetail (id_order, quantity) values (1, 4);
insert into OrderDetail (id_order, quantity) values (25, 6);
insert into OrderDetail (id_order, quantity) values (12, 10);
insert into OrderDetail (id_order, quantity) values (23, 5);
insert into OrderDetail (id_order, quantity) values (49, 1);
insert into OrderDetail (id_order, quantity) values (48, 5);
insert into OrderDetail (id_order, quantity) values (8, 2);
insert into OrderDetail (id_order, quantity) values (10, 8);
insert into OrderDetail (id_order, quantity) values (12, 5);
insert into OrderDetail (id_order, quantity) values (25, 1);
insert into OrderDetail (id_order, quantity) values (26, 7);
insert into OrderDetail (id_order, quantity) values (42, 7);
insert into OrderDetail (id_order, quantity) values (22, 2);
insert into OrderDetail (id_order, quantity) values (2, 5);
insert into OrderDetail (id_order, quantity) values (10, 10);
insert into OrderDetail (id_order, quantity) values (45, 9);
insert into OrderDetail (id_order, quantity) values (33, 9);
insert into OrderDetail (id_order, quantity) values (7, 5);
insert into OrderDetail (id_order, quantity) values (46, 9);
insert into OrderDetail (id_order, quantity) values (38, 4);
insert into OrderDetail (id_order, quantity) values (11, 10);
insert into OrderDetail (id_order, quantity) values (42, 5);
insert into OrderDetail (id_order, quantity) values (6, 7);
insert into OrderDetail (id_order, quantity) values (27, 4);
insert into OrderDetail (id_order, quantity) values (48, 8);
insert into OrderDetail (id_order, quantity) values (10, 7);
insert into OrderDetail (id_order, quantity) values (49, 3);
insert into OrderDetail (id_order, quantity) values (41, 8);
insert into OrderDetail (id_order, quantity) values (41, 2);
insert into OrderDetail (id_order, quantity) values (45, 9);
insert into OrderDetail (id_order, quantity) values (31, 1);
insert into OrderDetail (id_order, quantity) values (50, 1);
insert into OrderDetail (id_order, quantity) values (2, 10);
insert into OrderDetail (id_order, quantity) values (1, 1);
insert into OrderDetail (id_order, quantity) values (20, 5);
insert into OrderDetail (id_order, quantity) values (28, 2);
insert into OrderDetail (id_order, quantity) values (50, 1);
insert into OrderDetail (id_order, quantity) values (36, 10);
insert into OrderDetail (id_order, quantity) values (10, 3);
insert into OrderDetail (id_order, quantity) values (47, 8);
insert into OrderDetail (id_order, quantity) values (49, 10);
insert into OrderDetail (id_order, quantity) values (48, 1);
insert into OrderDetail (id_order, quantity) values (32, 3);
insert into OrderDetail (id_order, quantity) values (17, 9);
insert into OrderDetail (id_order, quantity) values (41, 2);
insert into OrderDetail (id_order, quantity) values (26, 10);
insert into OrderDetail (id_order, quantity) values (24, 2);
insert into OrderDetail (id_order, quantity) values (8, 8);

-- Insert data into the table "report"
insert into Report (id, title, content) values (1, 'Market Research', 'Quis nostrud exercitation ullamco');
insert into Report (id, title, content) values (2, 'Financial Analysis', 'Quis nostrud exercitation ullamco');
insert into Report (id, title, content) values (3, 'Quarterly Performance', 'Consectetur adipiscing elit');
insert into Report (id, title, content) values (4, 'Financial Analysis', 'Ut enim ad minim veniam');
insert into Report (id, title, content) values (5, 'Market Research', 'Ut labore et dolore magna aliqua');
insert into Report (id, title, content) values (6, 'Employee Attendance', 'Eu fugiat nulla pariatur');
insert into Report (id, title, content) values (7, 'Inventory Management', 'Consectetur adipiscing elit');
insert into Report (id, title, content) values (8, 'Sales Report', 'Eu fugiat nulla pariatur');
insert into Report (id, title, content) values (9, 'Employee Attendance', 'Ut labore et dolore magna aliqua');
insert into Report (id, title, content) values (10, 'Inventory Management', 'Consectetur adipiscing elit');
insert into Report (id, title, content) values (11, 'Financial Analysis', 'Laboris nisi ut aliquip ex ea commodo consequat');
insert into Report (id, title, content) values (12, 'Inventory Management', 'Laboris nisi ut aliquip ex ea commodo consequat');
insert into Report (id, title, content) values (13, 'Product Development', 'Lorem ipsum dolor sit amet');
insert into Report (id, title, content) values (14, 'Product Development', 'Ut labore et dolore magna aliqua');
insert into Report (id, title, content) values (15, 'Project Status', 'Sed do eiusmod tempor incididunt');
insert into Report (id, title, content) values (16, 'Product Development', 'Lorem ipsum dolor sit amet');
insert into Report (id, title, content) values (17, 'Inventory Management', 'Eu fugiat nulla pariatur');
insert into Report (id, title, content) values (18, 'Marketing Campaign', 'Laboris nisi ut aliquip ex ea commodo consequat');
insert into Report (id, title, content) values (19, 'Employee Attendance', 'Consectetur adipiscing elit');
insert into Report (id, title, content) values (20, 'Project Status', 'Quis nostrud exercitation ullamco');
insert into Report (id, title, content) values (21, 'Financial Analysis', 'Consectetur adipiscing elit');
insert into Report (id, title, content) values (22, 'Product Development', 'Voluptate velit esse cillum dolore');
insert into Report (id, title, content) values (23, 'Employee Attendance', 'Quis nostrud exercitation ullamco');
insert into Report (id, title, content) values (24, 'Inventory Management', 'Quis nostrud exercitation ullamco');
insert into Report (id, title, content) values (25, 'Product Development', 'Sed do eiusmod tempor incididunt');
insert into Report (id, title, content) values (26, 'Marketing Campaign', 'Duis aute irure dolor in reprehenderit');
insert into Report (id, title, content) values (27, 'Quarterly Performance', 'Eu fugiat nulla pariatur');
insert into Report (id, title, content) values (28, 'Employee Attendance', 'Voluptate velit esse cillum dolore');
insert into Report (id, title, content) values (29, 'Quarterly Performance', 'Sed do eiusmod tempor incididunt');
insert into Report (id, title, content) values (30, 'Financial Analysis', 'Ut labore et dolore magna aliqua');
insert into Report (id, title, content) values (31, 'Customer Satisfaction', 'Sed do eiusmod tempor incididunt');
insert into Report (id, title, content) values (32, 'Market Research', 'Sed do eiusmod tempor incididunt');
insert into Report (id, title, content) values (33, 'Sales Report', 'Duis aute irure dolor in reprehenderit');
insert into Report (id, title, content) values (34, 'Sales Report', 'Consectetur adipiscing elit');
insert into Report (id, title, content) values (35, 'Marketing Campaign', 'Consectetur adipiscing elit');
insert into Report (id, title, content) values (36, 'Employee Attendance', 'Quis nostrud exercitation ullamco');
insert into Report (id, title, content) values (37, 'Quarterly Performance', 'Lorem ipsum dolor sit amet');
insert into Report (id, title, content) values (38, 'Product Development', 'Duis aute irure dolor in reprehenderit');
insert into Report (id, title, content) values (39, 'Sales Report', 'Quis nostrud exercitation ullamco');
insert into Report (id, title, content) values (40, 'Financial Analysis', 'Voluptate velit esse cillum dolore');
insert into Report (id, title, content) values (41, 'Quarterly Performance', 'Sed do eiusmod tempor incididunt');
insert into Report (id, title, content) values (42, 'Market Research', 'Consectetur adipiscing elit');
insert into Report (id, title, content) values (43, 'Market Research', 'Ut labore et dolore magna aliqua');
insert into Report (id, title, content) values (44, 'Quarterly Performance', 'Sed do eiusmod tempor incididunt');
insert into Report (id, title, content) values (45, 'Market Research', 'Lorem ipsum dolor sit amet');
insert into Report (id, title, content) values (46, 'Employee Attendance', 'Ut labore et dolore magna aliqua');
insert into Report (id, title, content) values (47, 'Employee Attendance', 'Eu fugiat nulla pariatur');
insert into Report (id, title, content) values (48, 'Marketing Campaign', 'Sed do eiusmod tempor incididunt');
insert into Report (id, title, content) values (49, 'Inventory Management', 'Consectetur adipiscing elit');
insert into Report (id, title, content) values (50, 'Market Research', 'Quis nostrud exercitation ullamco');

-- Insert data into the table "file"
insert into File (id, path, id_user, id_message, id_report, id_event) values (1, 'C:\Program Files\Application\file2.docx', 9, NULL, NULL, 18);
insert into File (id, path, id_user, id_message, id_report, id_event) values (2, 'C:\Users\User\Documents\file1.txt', 28, 7, NULL, NULL);
insert into File (id, path, id_user, id_message, id_report, id_event) values (3, 'D:\Documents\Projects\report.doc', 28, NULL, 11, NULL);
insert into File (id, path, id_user, id_message, id_report, id_event) values (4, 'C:\Users\User\Desktop\presentation.pptx', 17, NULL, 7, NULL);
insert into File (id, path, id_user, id_message, id_report, id_event) values (5, 'C:\Users\User\Desktop\presentation.pptx', 22, NULL, 47, NULL);
insert into File (id, path, id_user, id_message, id_report, id_event) values (6, 'D:\Documents\Projects\report.doc', 30, 26, NULL, NULL);
insert into File (id, path, id_user, id_message, id_report, id_event) values (7, 'D:\Photos\Family\photo.png', 13, 7, NULL, NULL);
insert into File (id, path, id_user, id_message, id_report, id_event) values (8, 'C:\Program Files\Application\file2.docx', 43, NULL, NULL, 14);
insert into File (id, path, id_user, id_message, id_report, id_event) values (9, 'C:\Users\User\Documents\file1.txt', 8, 31, NULL, NULL);
insert into File (id, path, id_user, id_message, id_report, id_event) values (10, 'C:\Users\User\Documents\file1.txt', 4, 16, NULL, NULL);
insert into File (id, path, id_user, id_message, id_report, id_event) values (11, 'C:\Program Files (x86)\Software\setup.exe', 41, NULL, NULL, 43);
insert into File (id, path, id_user, id_message, id_report, id_event) values (12, 'D:\Documents\Projects\report.doc', 8, NULL, NULL, 35);
insert into File (id, path, id_user, id_message, id_report, id_event) values (13, 'D:\Photos\Family\photo.png', 22, 33, NULL, NULL);
insert into File (id, path, id_user, id_message, id_report, id_event) values (14, 'D:\Documents\Projects\report.doc', 42, NULL, NULL, 12);
insert into File (id, path, id_user, id_message, id_report, id_event) values (15, 'C:\Users\User\Desktop\presentation.pptx', 13, 1, NULL, NULL);
insert into File (id, path, id_user, id_message, id_report, id_event) values (16, 'E:\Videos\Movies\movie.mkv', 38, 28, NULL, NULL);
insert into File (id, path, id_user, id_message, id_report, id_event) values (17, 'C:\Program Files (x86)\Software\setup.exe', 27, NULL, NULL, 29);
insert into File (id, path, id_user, id_message, id_report, id_event) values (18, 'D:\Documents\Projects\report.doc', 23, NULL, NULL, 4);
insert into File (id, path, id_user, id_message, id_report, id_event) values (19, 'D:\Documents\Projects\report.doc', 23, 39, NULL, NULL);
insert into File (id, path, id_user, id_message, id_report, id_event) values (20, 'E:\Music\Albums\song.mp3', 4, NULL, 34, NULL);
insert into File (id, path, id_user, id_message, id_report, id_event) values (21, 'E:\Music\Albums\song.mp3', 44, NULL, 12, NULL);
insert into File (id, path, id_user, id_message, id_report, id_event) values (22, 'E:\Music\Albums\song.mp3', 18, 5, NULL, NULL);
insert into File (id, path, id_user, id_message, id_report, id_event) values (23, 'D:\Documents\Projects\report.doc', 28, NULL, 9, NULL);
insert into File (id, path, id_user, id_message, id_report, id_event) values (24, 'C:\Program Files\Application\file2.docx', 33, NULL, 2, NULL);
insert into File (id, path, id_user, id_message, id_report, id_event) values (25, 'E:\Music\Albums\song.mp3', 11, 46, NULL, NULL);
insert into File (id, path, id_user, id_message, id_report, id_event) values (26, 'D:\Documents\Projects\report.doc', 12, NULL, NULL, 33);
insert into File (id, path, id_user, id_message, id_report, id_event) values (27, 'D:\Photos\Family\photo.png', 6, NULL, NULL, 17);
insert into File (id, path, id_user, id_message, id_report, id_event) values (28, 'D:\Photos\Vacation\image.jpg', 11, 28, NULL, NULL);
insert into File (id, path, id_user, id_message, id_report, id_event) values (29, 'C:\Program Files (x86)\Software\setup.exe', 28, NULL, NULL, 6);
insert into File (id, path, id_user, id_message, id_report, id_event) values (30, 'E:\Music\Albums\song.mp3', 9, NULL, NULL, 38);
insert into File (id, path, id_user, id_message, id_report, id_event) values (31, 'C:\Program Files\Application\file2.docx', 7, NULL, 49, NULL);
insert into File (id, path, id_user, id_message, id_report, id_event) values (32, 'C:\Users\User\Documents\file1.txt', 45, 29, NULL, NULL);
insert into File (id, path, id_user, id_message, id_report, id_event) values (33, 'C:\Users\User\Desktop\presentation.pptx', 25, NULL, NULL, 39);
insert into File (id, path, id_user, id_message, id_report, id_event) values (34, 'D:\Photos\Family\photo.png', 43, 21, NULL, NULL);
insert into File (id, path, id_user, id_message, id_report, id_event) values (35, 'D:\Photos\Vacation\image.jpg', 22, NULL, 28, NULL);
insert into File (id, path, id_user, id_message, id_report, id_event) values (36, 'C:\Users\User\Desktop\presentation.pptx', 29, NULL, NULL, 6);
insert into File (id, path, id_user, id_message, id_report, id_event) values (37, 'C:\Users\User\Documents\file1.txt', 8, NULL, 1, NULL);
insert into File (id, path, id_user, id_message, id_report, id_event) values (38, 'C:\Users\User\Desktop\presentation.pptx', 36, NULL, NULL, 27);
insert into File (id, path, id_user, id_message, id_report, id_event) values (39, 'D:\Photos\Family\photo.png', 25, 30, NULL, NULL);
insert into File (id, path, id_user, id_message, id_report, id_event) values (40, 'E:\Videos\Movies\movie.mkv', 35, 41, NULL, NULL);
insert into File (id, path, id_user, id_message, id_report, id_event) values (41, 'C:\Users\User\Downloads\file3.pdf', 33, NULL, 21, NULL);
insert into File (id, path, id_user, id_message, id_report, id_event) values (42, 'C:\Users\User\Documents\file1.txt', 48, NULL, 48, NULL);
insert into File (id, path, id_user, id_message, id_report, id_event) values (43, 'C:\Users\User\Desktop\presentation.pptx', 36, NULL, NULL, 4);
insert into File (id, path, id_user, id_message, id_report, id_event) values (44, 'C:\Users\User\Downloads\file3.pdf', 50, 46, NULL, NULL);
insert into File (id, path, id_user, id_message, id_report, id_event) values (45, 'E:\Videos\Movies\movie.mkv', 25, 12, NULL, NULL);
insert into File (id, path, id_user, id_message, id_report, id_event) values (46, 'C:\Users\User\Documents\file1.txt', 29, NULL, NULL, 37);
insert into File (id, path, id_user, id_message, id_report, id_event) values (47, 'D:\Photos\Family\photo.png', 45, NULL, 21, NULL);
insert into File (id, path, id_user, id_message, id_report, id_event) values (48, 'E:\Videos\Movies\movie.mkv', 23, NULL, 18, NULL);
insert into File (id, path, id_user, id_message, id_report, id_event) values (49, 'D:\Documents\Projects\report.doc', 4, 25, NULL, NULL);
insert into File (id, path, id_user, id_message, id_report, id_event) values (50, 'E:\Videos\Movies\movie.mkv', 24, 31, NULL, NULL);


-- Insert data into the table "poll"
insert into Poll (id, title, summary, question, endsat, id_event, id_user) values (1, 'Best Vacation Destination', 'Public Opinion H: 50% agree', 'What is your favorite movie?', '4/4/2023', 10, 5);
insert into Poll (id, title, summary, question, endsat, id_event, id_user) values (2, 'Favorite Sports Team', '15% oppose', 'What is your favorite TV show?', '2/22/2023', 50, 48);
insert into Poll (id, title, summary, question, endsat, id_event, id_user) values (3, 'Top Music Genre', 'Poll I: 85% support', 'What is your favorite hobby?', '1/2/2023', 43, 28);
insert into Poll (id, title, summary, question, endsat, id_event, id_user) values (4, 'Most Used Social Media Platform', 'Poll B: 60% agree', 'What is your favorite movie?', '10/11/2023', 30, 6);
insert into Poll (id, title, summary, question, endsat, id_event, id_user) values (5, 'Most Loved Book', '30% disagree', 'What is your favorite TV show?', '1/1/2023', 17, 49);
insert into Poll (id, title, summary, question, endsat, id_event, id_user) values (6, 'Most Used Social Media Platform', 'Survey A: 75% in favor', 'What is your favorite sport?', '7/23/2023', 50, 48);
insert into Poll (id, title, summary, question, endsat, id_event, id_user) values (7, 'Favorite Movie Genre', '10% against', 'What is your favorite sport?', '11/17/2022', 18, 35);
insert into Poll (id, title, summary, question, endsat, id_event, id_user) values (8, 'Most Loved Book', 'Survey J: 95% in favor', 'What is your favorite movie?', '3/9/2023', 46, 7);
insert into Poll (id, title, summary, question, endsat, id_event, id_user) values (9, 'Preferred Pizza Topping', '10% against', 'What is your favorite TV show?', '5/16/2023', 10, 34);
insert into Poll (id, title, summary, question, endsat, id_event, id_user) values (10, 'Best Vacation Destination', 'Poll B: 60% agree', 'What is your favorite animal?', '12/19/2022', 41, 12);
insert into Poll (id, title, summary, question, endsat, id_event, id_user) values (11, 'Favorite Sports Team', 'Opinion Poll C: 80% support', 'What is your favorite book?', '8/30/2023', 20, 34);
insert into Poll (id, title, summary, question, endsat, id_event, id_user) values (12, 'Preferred Pizza Topping', 'Poll E: 70% agree', 'What is your favorite sport?', '5/22/2023', 27, 2);
insert into Poll (id, title, summary, question, endsat, id_event, id_user) values (13, 'Preferred Pizza Topping', '40% disagree', 'What is your favorite vacation destination?', '1/27/2023', 5, 25);
insert into Poll (id, title, summary, question, endsat, id_event, id_user) values (14, 'Favorite Sports Team', '40% disagree', 'What is your favorite movie?', '3/5/2023', 2, 33);
insert into Poll (id, title, summary, question, endsat, id_event, id_user) values (15, 'Most Loved Book', 'Poll B: 60% agree', 'What is your favorite season?', '8/5/2023', 30, 42);
insert into Poll (id, title, summary, question, endsat, id_event, id_user) values (16, 'Preferred Pizza Topping', 'Opinion Poll G: 90% in favor', 'What is your favorite hobby?', '6/7/2023', 16, 12);
insert into Poll (id, title, summary, question, endsat, id_event, id_user) values (17, 'Preferred Pizza Topping', 'Opinion Poll G: 90% in favor', 'What is your favorite sport?', '1/7/2023', 6, 21);
insert into Poll (id, title, summary, question, endsat, id_event, id_user) values (18, 'Best TV Show', '25% against', 'What is your favorite season?', '5/30/2023', 42, 40);
insert into Poll (id, title, summary, question, endsat, id_event, id_user) values (19, 'Preferred Pizza Topping', '10% against', 'What is your favorite vacation destination?', '8/31/2023', 35, 20);
insert into Poll (id, title, summary, question, endsat, id_event, id_user) values (20, 'Favorite Outdoor Activity', '50% disagree', 'What is your favorite sport?', '9/11/2023', 6, 47);
insert into Poll (id, title, summary, question, endsat, id_event, id_user) values (21, 'Favorite Movie Genre', '35% oppose', 'What is your favorite music genre?', '2/3/2023', 31, 17);
insert into Poll (id, title, summary, question, endsat, id_event, id_user) values (22, 'Favorite Sports Team', '40% disagree', 'What is your favorite book?', '3/9/2023', 38, 12);
insert into Poll (id, title, summary, question, endsat, id_event, id_user) values (23, 'Favorite Movie Genre', 'Survey A: 75% in favor', 'What is your favorite food?', '6/24/2023', 46, 40);
insert into Poll (id, title, summary, question, endsat, id_event, id_user) values (24, 'Preferred Ice Cream Flavor', 'Poll E: 70% agree', 'What is your favorite book?', '12/31/2022', 44, 49);
insert into Poll (id, title, summary, question, endsat, id_event, id_user) values (25, 'Most Loved Book', '40% disagree', 'What is your favorite sport?', '5/24/2023', 38, 49);
insert into Poll (id, title, summary, question, endsat, id_event, id_user) values (26, 'Best Vacation Destination', 'Public Opinion H: 50% agree', 'What is your favorite TV show?', '4/8/2023', 12, 48);
insert into Poll (id, title, summary, question, endsat, id_event, id_user) values (27, 'Preferred Pizza Topping', 'Survey A: 75% in favor', 'What is your favorite sport?', '10/13/2023', 14, 18);
insert into Poll (id, title, summary, question, endsat, id_event, id_user) values (28, 'Preferred Ice Cream Flavor', '30% disagree', 'What is your favorite food?', '12/26/2022', 9, 41);
insert into Poll (id, title, summary, question, endsat, id_event, id_user) values (29, 'Preferred Ice Cream Flavor', 'Poll E: 70% agree', 'What is your favorite music genre?', '8/10/2023', 34, 27);
insert into Poll (id, title, summary, question, endsat, id_event, id_user) values (30, 'Favorite Outdoor Activity', 'Survey J: 95% in favor', 'What is your favorite season?', '2/13/2023', 23, 48);
insert into Poll (id, title, summary, question, endsat, id_event, id_user) values (31, 'Preferred Ice Cream Flavor', 'Poll I: 85% support', 'What is your favorite TV show?', '2/13/2023', 22, 36);
insert into Poll (id, title, summary, question, endsat, id_event, id_user) values (32, 'Most Loved Book', 'Public Opinion H: 50% agree', 'What is your favorite season?', '12/30/2022', 32, 4);
insert into Poll (id, title, summary, question, endsat, id_event, id_user) values (33, 'Favorite Sports Team', '45% against', 'What is your favorite TV show?', '10/2/2023', 35, 48);
insert into Poll (id, title, summary, question, endsat, id_event, id_user) values (34, 'Favorite Outdoor Activity', 'Survey A: 75% in favor', 'What is your favorite TV show?', '8/29/2023', 6, 17);
insert into Poll (id, title, summary, question, endsat, id_event, id_user) values (35, 'Top Music Genre', 'Poll I: 85% support', 'What is your favorite sport?', '5/22/2023', 10, 3);
insert into Poll (id, title, summary, question, endsat, id_event, id_user) values (36, 'Best TV Show', '40% disagree', 'What is your favorite movie?', '9/12/2023', 5, 21);
insert into Poll (id, title, summary, question, endsat, id_event, id_user) values (37, 'Favorite Movie Genre', '15% oppose', 'What is your favorite TV show?', '8/21/2023', 23, 6);
insert into Poll (id, title, summary, question, endsat, id_event, id_user) values (38, 'Best TV Show', '35% oppose', 'What is your favorite vacation destination?', '4/2/2023', 3, 3);
insert into Poll (id, title, summary, question, endsat, id_event, id_user) values (39, 'Top Music Genre', 'Survey F: 65% support', 'What is your favorite animal?', '9/30/2023', 25, 34);
insert into Poll (id, title, summary, question, endsat, id_event, id_user) values (40, 'Best Vacation Destination', 'Public Opinion D: 55% in favor', 'What is your favorite sport?', '12/5/2022', 32, 42);
insert into Poll (id, title, summary, question, endsat, id_event, id_user) values (41, 'Preferred Pizza Topping', 'Poll I: 85% support', 'What is your favorite animal?', '1/17/2023', 46, 16);
insert into Poll (id, title, summary, question, endsat, id_event, id_user) values (42, 'Most Loved Book', 'Opinion Poll G: 90% in favor', 'What is your favorite movie?', '3/15/2023', 20, 17);
insert into Poll (id, title, summary, question, endsat, id_event, id_user) values (43, 'Favorite Sports Team', 'Poll E: 70% agree', 'What is your favorite TV show?', '6/11/2023', 36, 47);
insert into Poll (id, title, summary, question, endsat, id_event, id_user) values (44, 'Best Vacation Destination', '30% disagree', 'What is your favorite book?', '9/30/2023', 25, 14);
insert into Poll (id, title, summary, question, endsat, id_event, id_user) values (45, 'Favorite Sports Team', '35% oppose', 'What is your favorite food?', '9/8/2023', 38, 7);
insert into Poll (id, title, summary, question, endsat, id_event, id_user) values (46, 'Preferred Pizza Topping', '15% oppose', 'What is your favorite book?', '9/9/2023', 32, 50);
insert into Poll (id, title, summary, question, endsat, id_event, id_user) values (47, 'Most Loved Book', '5% against', 'What is your favorite music genre?', '10/2/2023', 27, 24);
insert into Poll (id, title, summary, question, endsat, id_event, id_user) values (48, 'Best TV Show', '40% disagree', 'What is your favorite animal?', '2/13/2023', 24, 46);
insert into Poll (id, title, summary, question, endsat, id_event, id_user) values (49, 'Favorite Movie Genre', '50% disagree', 'What is your favorite season?', '9/23/2023', 24, 44);
insert into Poll (id, title, summary, question, endsat, id_event, id_user) values (50, 'Favorite Outdoor Activity', '40% disagree', 'What is your favorite animal?', '8/19/2023', 25, 3);

-- Insert data into the table "poll_option"
insert into PollOption (id, option, id_poll) values (1, 'Option 4', 41);
insert into PollOption (id, option, id_poll) values (2, 'Option 3', 21);
insert into PollOption (id, option, id_poll) values (3, 'Option 6', 21);
insert into PollOption (id, option, id_poll) values (4, 'Option 2', 22);
insert into PollOption (id, option, id_poll) values (5, 'Option 10', 18);
insert into PollOption (id, option, id_poll) values (6, 'Option 10', 30);
insert into PollOption (id, option, id_poll) values (7, 'Option 9', 9);
insert into PollOption (id, option, id_poll) values (8, 'Option 10', 17);
insert into PollOption (id, option, id_poll) values (9, 'Option 7', 12);
insert into PollOption (id, option, id_poll) values (10, 'Option 9', 41);
insert into PollOption (id, option, id_poll) values (11, 'Option 6', 34);
insert into PollOption (id, option, id_poll) values (12, 'Option 10', 27);
insert into PollOption (id, option, id_poll) values (13, 'Option 9', 24);
insert into PollOption (id, option, id_poll) values (14, 'Option 9', 1);
insert into PollOption (id, option, id_poll) values (15, 'Option 10', 16);
insert into PollOption (id, option, id_poll) values (16, 'Option 8', 47);
insert into PollOption (id, option, id_poll) values (17, 'Option 7', 13);
insert into PollOption (id, option, id_poll) values (18, 'Option 5', 12);
insert into PollOption (id, option, id_poll) values (19, 'Option 7', 41);
insert into PollOption (id, option, id_poll) values (20, 'Option 10', 43);
insert into PollOption (id, option, id_poll) values (21, 'Option 8', 11);
insert into PollOption (id, option, id_poll) values (22, 'Option 3', 31);
insert into PollOption (id, option, id_poll) values (23, 'Option 2', 27);
insert into PollOption (id, option, id_poll) values (24, 'Option 10', 32);
insert into PollOption (id, option, id_poll) values (25, 'Option 5', 38);
insert into PollOption (id, option, id_poll) values (26, 'Option 7', 2);
insert into PollOption (id, option, id_poll) values (27, 'Option 6', 30);
insert into PollOption (id, option, id_poll) values (28, 'Option 3', 45);
insert into PollOption (id, option, id_poll) values (29, 'Option 4', 14);
insert into PollOption (id, option, id_poll) values (30, 'Option 2', 22);
insert into PollOption (id, option, id_poll) values (31, 'Option 8', 44);
insert into PollOption (id, option, id_poll) values (32, 'Option 9', 7);
insert into PollOption (id, option, id_poll) values (33, 'Option 2', 2);
insert into PollOption (id, option, id_poll) values (34, 'Option 5', 29);
insert into PollOption (id, option, id_poll) values (35, 'Option 1', 9);
insert into PollOption (id, option, id_poll) values (36, 'Option 6', 17);
insert into PollOption (id, option, id_poll) values (37, 'Option 7', 30);
insert into PollOption (id, option, id_poll) values (38, 'Option 7', 11);
insert into PollOption (id, option, id_poll) values (39, 'Option 4', 4);
insert into PollOption (id, option, id_poll) values (40, 'Option 5', 34);
insert into PollOption (id, option, id_poll) values (41, 'Option 5', 34);
insert into PollOption (id, option, id_poll) values (42, 'Option 7', 43);
insert into PollOption (id, option, id_poll) values (43, 'Option 10', 17);
insert into PollOption (id, option, id_poll) values (44, 'Option 4', 47);
insert into PollOption (id, option, id_poll) values (45, 'Option 2', 27);
insert into PollOption (id, option, id_poll) values (46, 'Option 9', 1);
insert into PollOption (id, option, id_poll) values (47, 'Option 4', 22);
insert into PollOption (id, option, id_poll) values (48, 'Option 3', 46);
insert into PollOption (id, option, id_poll) values (49, 'Option 8', 18);
insert into PollOption (id, option, id_poll) values (50, 'Option 8', 35);

-- Insert data into the table "poll_votes"
insert into PollVotes (id_user, id_option) values (13, 26);
insert into PollVotes (id_user, id_option) values (32, 16);
insert into PollVotes (id_user, id_option) values (15, 1);
insert into PollVotes (id_user, id_option) values (50, 46);
insert into PollVotes (id_user, id_option) values (7, 27);
insert into PollVotes (id_user, id_option) values (13, 13);
insert into PollVotes (id_user, id_option) values (25, 26);
insert into PollVotes (id_user, id_option) values (21, 8);
insert into PollVotes (id_user, id_option) values (44, 13);
insert into PollVotes (id_user, id_option) values (11, 28);
insert into PollVotes (id_user, id_option) values (40, 27);
insert into PollVotes (id_user, id_option) values (40, 7);
insert into PollVotes (id_user, id_option) values (25, 15);
insert into PollVotes (id_user, id_option) values (31, 48);
insert into PollVotes (id_user, id_option) values (24, 34);
insert into PollVotes (id_user, id_option) values (40, 22);
insert into PollVotes (id_user, id_option) values (11, 47);
insert into PollVotes (id_user, id_option) values (28, 27);
insert into PollVotes (id_user, id_option) values (18, 14);
insert into PollVotes (id_user, id_option) values (27, 36);
insert into PollVotes (id_user, id_option) values (18, 12);
insert into PollVotes (id_user, id_option) values (34, 30);
insert into PollVotes (id_user, id_option) values (24, 21);
insert into PollVotes (id_user, id_option) values (27, 41);
insert into PollVotes (id_user, id_option) values (15, 13);
insert into PollVotes (id_user, id_option) values (7, 12);
insert into PollVotes (id_user, id_option) values (44, 24);
insert into PollVotes (id_user, id_option) values (29, 31);
insert into PollVotes (id_user, id_option) values (20, 47);
insert into PollVotes (id_user, id_option) values (19, 7);
insert into PollVotes (id_user, id_option) values (23, 45);
insert into PollVotes (id_user, id_option) values (40, 46);
insert into PollVotes (id_user, id_option) values (39, 48);
insert into PollVotes (id_user, id_option) values (7, 38);
insert into PollVotes (id_user, id_option) values (28, 10);
insert into PollVotes (id_user, id_option) values (19, 42);
insert into PollVotes (id_user, id_option) values (25, 27);
insert into PollVotes (id_user, id_option) values (11, 16);
insert into PollVotes (id_user, id_option) values (40, 24);
insert into PollVotes (id_user, id_option) values (42, 37);
insert into PollVotes (id_user, id_option) values (35, 31);
insert into PollVotes (id_user, id_option) values (14, 46);
insert into PollVotes (id_user, id_option) values (38, 19);
insert into PollVotes (id_user, id_option) values (46, 7);
insert into PollVotes (id_user, id_option) values (32, 50);
insert into PollVotes (id_user, id_option) values (23, 39);
insert into PollVotes (id_user, id_option) values (20, 7);
insert into PollVotes (id_user, id_option) values (45, 10);
insert into PollVotes (id_user, id_option) values (35, 44);
insert into PollVotes (id_user, id_option) values (14, 31);
