insert into Users (email, name, username, password) values ('admin@example.com', 'admin123', 'admin123', '$2y$10$LpU/dOWOp/u/Vsr5KhrhqOXWJh49lzDa8uo4tqr4fnv6Lm2QEkNFm');
insert into Users (email, name, username, password) values ('user@example.com', 'user', 'user', '$2y$10$1TKDy33AEW30JtqwrWva/.VauRo1vzVSUIfsPBizJmyU4cVCPsX2a');
insert into Users (email, name, username, password) values ('odykins2@berkeley.edu', 'Ole Dykins', 'odykins2', 'yZ7}(O@xl@"|S');
insert into Users (email, name, username, password) values ('rissacson3@time.com', 'Ross Issacson', 'rissacson3', 'kX7*)3ShR8Q=n');
insert into Users (email, name, username, password) values ('ahendrickx4@gmpg.org', 'Austin Hendrickx', 'ahendrickx4', 'hH8}Nc7F{?StH5');
insert into Users (email, name, username, password) values ('dplewright5@ocn.ne.jp', 'Daphene Plewright', 'dplewright5', 'xE5}NCJQ|M');
insert into Users (email, name, username, password) values ('hovitts6@constantcontact.com', 'Hortense Ovitts', 'hovitts6', 'eL2*Z~.CC_xp>Hf{');
insert into Users (email, name, username, password) values ('dwaistall7@sina.com.cn', 'Denney Waistall', 'dwaistall7', 'qW1(CUbx5)');
insert into Users (email, name, username, password) values ('cbraunter8@multiply.com', 'Cristobal Braunter', 'cbraunter8', 'tQ7&`#/3L`6H');
insert into Users (email, name, username, password) values ('gthormwell9@4shared.com', 'Granville Thormwell', 'gthormwell9', 'wC3}G0V}D"`''$');
insert into Users (email, name, username, password) values ('gjentzscha@google.co.uk', 'Giselle Jentzsch', 'gjentzscha', 'vL8,$~aI''AV');
insert into Users (email, name, username, password) values ('dswettb@yellowpages.com', 'Dyanne Swett', 'dswettb', 'xX6\rf6zQ');
insert into Users (email, name, username, password) values ('pcoodec@unicef.org', 'Putnam Coode', 'pcoodec', 'cG4*0T_V');
insert into Users (email, name, username, password) values ('chamild@wunderground.com', 'Clarie Hamil', 'chamild', 'xW4?xsdLbA7');
insert into Users (email, name, username, password) values ('hlorrymane@ocn.ne.jp', 'Hilly Lorryman', 'hlorrymane', 'gP0,xTJ(OdO5D"');
insert into Users (email, name, username, password) values ('lansellf@last.fm', 'Leonard Ansell', 'lansellf', 'cA1{/e}1`oC8+xH');
insert into Users (email, name, username, password) values ('twinchcombeg@elegantthemes.com', 'Tan Winchcombe', 'twinchcombeg', 'tI6%<7xT2"Q$SF');
insert into Users (email, name, username, password) values ('ctreneerh@mozilla.com', 'Cinda Treneer', 'ctreneerh', 'aU1_SP.i''*cH{_');
insert into Users (email, name, username, password) values ('hsandesoni@elpais.com', 'Humberto Sandeson', 'hsandesoni', 'mB2&+Zr&oI6h<0');
insert into Users (email, name, username, password) values ('sbosselj@ehow.com', 'Shari Bossel', 'sbosselj', 'lO6(f|1.,kOT5e');
insert into Users (email, name, username, password) values ('gzupak@ameblo.jp', 'Goldie Zupa', 'gzupak', 'uQ6=H=X=3v9xF');
insert into Users (email, name, username, password) values ('pwearl@sciencedirect.com', 'Peggi Wear', 'pwearl', 'cC8,|OOt1qlv');
insert into Users (email, name, username, password) values ('sbrugmanm@cafepress.com', 'Sheelagh Brugman', 'sbrugmanm', 'gQ7$''ZJ/F');
insert into Users (email, name, username, password) values ('ddelln@harvard.edu', 'Darrel Dell Casa', 'ddelln', 'pK9$#r8eh');
insert into Users (email, name, username, password) values ('cbartio@buzzfeed.com', 'Christalle Barti', 'cbartio', 'sD8$tZ(j\eM');
insert into Users (email, name, username, password) values ('amarfieldp@google.com.au', 'Alexis Marfield', 'amarfieldp', 'eO9@?zAYrsj9o');
insert into Users (email, name, username, password) values ('emaunq@go.com', 'Emerson Maun', 'emaunq', 'hV3/1hnASd6BI');
insert into Users (email, name, username, password) values ('mconklinr@samsung.com', 'Merilee Conklin', 'mconklinr', 'gF7?<.77M+3Ny$');
insert into Users (email, name, username, password) values ('wranshaws@indiatimes.com', 'Wendi Ranshaw', 'wranshaws', 'qT0.peFBPYnJaA*%');
insert into Users (email, name, username, password) values ('kescolmet@google.ru', 'Kerwin Escolme', 'kescolmet', 'eH3,NUx$4>YZ');
insert into Users (email, name, username, password) values ('ykardosu@addthis.com', 'Yolanthe Kardos', 'ykardosu', 'oH2+%oX.U');
insert into Users (email, name, username, password) values ('fvickermanv@umn.edu', 'Fanechka Vickerman', 'fvickermanv', 'oM9@!b>{sW');
insert into Users (email, name, username, password) values ('nmckelveyw@jugem.jp', 'Natka McKelvey', 'nmckelveyw', 'lM9\ovy&C8eT');
insert into Users (email, name, username, password) values ('sissakovx@issuu.com', 'Sisile Issakov', 'sissakovx', 'cB5\dMZ9*');
insert into Users (email, name, username, password) values ('hverniy@gov.uk', 'Harrie Verni', 'hverniy', 'eL8=p|qM%''0F$P');
insert into Users (email, name, username, password) values ('jstanmerz@auda.org.au', 'Julie Stanmer', 'jstanmerz', 'lV5`Q5%`Ib\to');
insert into Users (email, name, username, password) values ('emcgarrahan10@omniture.com', 'Ellette McGarrahan', 'emcgarrahan10', 'gZ6<oO0oWJ#V1h.');
insert into Users (email, name, username, password) values ('hbatter11@hc360.com', 'Hilly Batter', 'hbatter11', 'wZ9/KFE/th+lJ');
insert into Users (email, name, username, password) values ('pjordison12@princeton.edu', 'Penrod Jordison', 'pjordison12', 'eQ7,)6BsHcaf9\`4');
insert into Users (email, name, username, password) values ('mgiral13@linkedin.com', 'Margi Giral', 'mgiral13', 'zO1{$G&0''oo|=');
insert into Users (email, name, username, password) values ('hfothergill14@hatena.ne.jp', 'Hillery Fothergill', 'hfothergill14', 'sE1.%a6lCT`');
insert into Users (email, name, username, password) values ('tgery15@51.la', 'Townie Gery', 'tgery15', 'hT2)UlR/.qT');
insert into Users (email, name, username, password) values ('kmethringham16@taobao.com', 'Ketty Methringham', 'kmethringham16', 'nA0,XUn#U}{TkSG');
insert into Users (email, name, username, password) values ('lash17@linkedin.com', 'Laney Ash', 'lash17', 'cC6"{8X5c+Z');
insert into Users (email, name, username, password) values ('bhowman18@privacy.gov.au', 'Brent Howman', 'bhowman18', 'hO7{Y)4rX');
insert into Users (email, name, username, password) values ('jrobe19@tumblr.com', 'Jacky Robe', 'jrobe19', 'iO1?T$lcV4e');
insert into Users (email, name, username, password) values ('dpalek1a@shutterfly.com', 'Davin Palek', 'dpalek1a', 'yV5}/>&$$SQ<x');
insert into Users (email, name, username, password) values ('ccockings1b@mapquest.com', 'Corilla Cockings', 'ccockings1b', 'fD0{ZOkRQ');
insert into Users (email, name, username, password) values ('czanazzi1c@tuttocitta.it', 'Conroy Zanazzi', 'czanazzi1c', 'vS1_>?+s`{d');
insert into Users (email, name, username, password) values ('kstamp1d@4shared.com', 'Kristyn Stamp', 'kstamp1d', 'mV8>N6\(');
insert into Admin (id_user) values (1);

-- Insert data into the table "authenticated"
insert into Authenticated (id_user, is_verified, id_profilepic) values (2, false, 7);
insert into Authenticated (id_user, is_verified, id_profilepic) values (3, false, 31);
insert into Authenticated (id_user, is_verified, id_profilepic) values (4, false, 39);
insert into Authenticated (id_user, is_verified, id_profilepic) values (5, false, 7);
insert into Authenticated (id_user, is_verified, id_profilepic) values (6, true, 5);
insert into Authenticated (id_user, is_verified, id_profilepic) values (7, false, 50);
insert into Authenticated (id_user, is_verified, id_profilepic) values (8, false, 48);
insert into Authenticated (id_user, is_verified, id_profilepic) values (9, false, 35);
insert into Authenticated (id_user, is_verified, id_profilepic) values (10, true, 27);
insert into Authenticated (id_user, is_verified, id_profilepic) values (11, true, 33);
insert into Authenticated (id_user, is_verified, id_profilepic) values (12, true, 8);
insert into Authenticated (id_user, is_verified, id_profilepic) values (13, true, 38);
insert into Authenticated (id_user, is_verified, id_profilepic) values (14, false, 37);
insert into Authenticated (id_user, is_verified, id_profilepic) values (15, true, 11);
insert into Authenticated (id_user, is_verified, id_profilepic) values (16, true, 26);
insert into Authenticated (id_user, is_verified, id_profilepic) values (17, true, 34);
insert into Authenticated (id_user, is_verified, id_profilepic) values (18, true, 39);
insert into Authenticated (id_user, is_verified, id_profilepic) values (19, true, 46);
insert into Authenticated (id_user, is_verified, id_profilepic) values (20, true, 38);
insert into Authenticated (id_user, is_verified, id_profilepic) values (21, true, 17);
insert into Authenticated (id_user, is_verified, id_profilepic) values (22, true, 36);
insert into Authenticated (id_user, is_verified, id_profilepic) values (23, false, 17);
insert into Authenticated (id_user, is_verified, id_profilepic) values (24, false, 46);
insert into Authenticated (id_user, is_verified, id_profilepic) values (25, false, 12);
insert into Authenticated (id_user, is_verified, id_profilepic) values (26, false, 38);
insert into Authenticated (id_user, is_verified, id_profilepic) values (27, true, 49);
insert into Authenticated (id_user, is_verified, id_profilepic) values (28, false, 41);
insert into Authenticated (id_user, is_verified, id_profilepic) values (29, true, 11);
insert into Authenticated (id_user, is_verified, id_profilepic) values (30, false, 2);
insert into Authenticated (id_user, is_verified, id_profilepic) values (31, false, 15);
insert into Authenticated (id_user, is_verified, id_profilepic) values (32, false, 18);
insert into Authenticated (id_user, is_verified, id_profilepic) values (33, true, 36);
insert into Authenticated (id_user, is_verified, id_profilepic) values (34, false, 45);
insert into Authenticated (id_user, is_verified, id_profilepic) values (35, true, 40);
insert into Authenticated (id_user, is_verified, id_profilepic) values (36, false, 29);
insert into Authenticated (id_user, is_verified, id_profilepic) values (37, true, 36);
insert into Authenticated (id_user, is_verified, id_profilepic) values (38, false, 27);
insert into Authenticated (id_user, is_verified, id_profilepic) values (39, false, 29);
insert into Authenticated (id_user, is_verified, id_profilepic) values (40, true, 46);
insert into Authenticated (id_user, is_verified, id_profilepic) values (41, false, 35);
insert into Authenticated (id_user, is_verified, id_profilepic) values (42, true, 25);
insert into Authenticated (id_user, is_verified, id_profilepic) values (43, false, 46);
insert into Authenticated (id_user, is_verified, id_profilepic) values (44, true, 41);
insert into Authenticated (id_user, is_verified, id_profilepic) values (45, true, 24);
insert into Authenticated (id_user, is_verified, id_profilepic) values (46, true, 39);
insert into Authenticated (id_user, is_verified, id_profilepic) values (47, true, 30);
insert into Authenticated (id_user, is_verified, id_profilepic) values (48, false, 39);
insert into Authenticated (id_user, is_verified, id_profilepic) values (49, true, 28);
insert into Authenticated (id_user, is_verified, id_profilepic) values (50, false, 33);

-- Insert data into the table "hashtag"
insert into Hashtag (title) values ('cricket');
insert into Hashtag (title) values ('hockey');
insert into Hashtag (title) values ('baseball');
insert into Hashtag (title) values ('golf');
insert into Hashtag (title) values ('volleyball');
insert into Hashtag (title) values ('basketball');
insert into Hashtag (title) values ('rugby');
insert into Hashtag (title) values ('tennis');
insert into Hashtag (title) values ('swimming');
insert into Hashtag (title) values ('watchalong');
insert into Hashtag (title) values ('athletics');
insert into Hashtag (title) values ('football');



-- Insert data into the table "event"
insert into Event (title, description, type, date, capacity, ticket_limit, place, id_user) values ('Explorers', 'Athletics meet at ABC stadium', 'public', '11/28/2023', 244, 2, 'Sacramento', 2);
insert into Event (title, description, type, date, capacity, ticket_limit, place, id_user) values ('Six in Paris (Paris vu par...)', 'Rugby match between Team P and Team Q', 'public', '8/29/2023', 405, 5, 'Mnogoudobnoye', 2);
insert into Event (title, description, type, date, capacity, ticket_limit, place, id_user) values ('Crime of Monsieur Lange, The (Le crime de Monsieur Lange)', 'Basketball game featuring Team X and Team Y', 'public', '12/12/2023', 80, 5, 'Orléans', 3);
insert into Event (title, description, type, date, capacity, ticket_limit, place, id_user) values ('Downstairs', 'Cricket match between Country A and Country B', 'public', '11/30/2023', 295, 5, 'Vadstena', 4);
insert into Event (title, description, type, date, capacity, ticket_limit, place, id_user) values ('Fastest Gun Alive, The', 'Rugby match between Team P and Team Q', 'public', '8/27/2023', 467, 4, 'Grenoble', 5);
insert into Event (title, description, type, date, capacity, ticket_limit, place, id_user) values ('Barbarian Invasions, The (Les invasions barbares)', 'Cricket match between Country A and Country B', 'public', '8/18/2023', 268, 5, 'Danchang', 6);
insert into Event (title, description, type, date, capacity, ticket_limit, place, id_user) values ('Jim Breuer: And Laughter for All', 'Tennis tournament finals', 'public', '6/15/2023', 52, 1, 'Palmas De Gran Canaria, Las', 7);
insert into Event (title, description, type, date, capacity, ticket_limit, place, id_user) values ('Touchy Feely', 'Cricket match between Country A and Country B', 'public', '4/20/2023', 373, 2, 'Pastores', 8);
insert into Event (title, description, type, date, capacity, ticket_limit, place, id_user) values ('Nanny, The', 'Basketball game featuring Team X and Team Y', 'public', '12/12/2023', 94, 2, 'Sośnicowice', 9);
insert into Event (title, description, type, date, capacity, ticket_limit, place, id_user) values ('The Man From The Alamo', 'Basketball game featuring Team X and Team Y', 'public', '9/27/2023', 10, 2, 'Phoenix', 10);
insert into Event (title, description, type, date, capacity, ticket_limit, place, id_user) values ('Off and Running ', 'Basketball game featuring Team X and Team Y', 'public', '12/5/2023', 421, 1, 'Motomiya', 11);
insert into Event (title, description, type, date, capacity, ticket_limit, place, id_user) values ('Wizard of Oz, The', 'Athletics meet at ABC stadium', 'public', '3/10/2023', 200, 1, 'Ban Na San', 12);
insert into Event (title, description, type, date, capacity, ticket_limit, place, id_user) values ('Hold Back the Dawn', 'Basketball game featuring Team X and Team Y', 'public', '11/8/2023', 252, 5, 'Barakani', 13);
insert into Event (title, description, type, date, capacity, ticket_limit, place, id_user) values ('Faith School Menace?', 'Volleyball tournament finals', 'public', '5/5/2023', 490, 5, 'Roche Terre', 14);
insert into Event (title, description, type, date, capacity, ticket_limit, place, id_user) values ('Last Dragon, The', 'Basketball game featuring Team X and Team Y', 'public', '3/5/2023', 385, 5, 'Vyzhnytsya', 15);
insert into Event (title, description, type, date, capacity, ticket_limit, place, id_user) values ('DuckTales: The Movie - Treasure of the Lost Lamp', 'Golf championship at XYZ course', 'public', '6/4/2023', 216, 3, 'Kungsbacka', 16);
insert into Event (title, description, type, date, capacity, ticket_limit, place, id_user) values ('Salvage', 'Cricket match between Country A and Country B', 'public', '3/9/2023', 426, 1, 'Kilim', 17);
insert into Event (title, description, type, date, capacity, ticket_limit, place, id_user) values ('Goldene Zeiten', 'Athletics meet at ABC stadium', 'public', '10/2/2023', 50, 3, 'Baras', 18);
insert into Event (title, description, type, date, capacity, ticket_limit, place, id_user) values ('While You Were Sleeping', 'Baseball game at ABC stadium', 'public', '4/11/2023', 249, 3, 'Boracéia', 19);
insert into Event (title, description, type, date, capacity, ticket_limit, place, id_user) values ('Glenn Miller Story, The', 'Cricket match between Country A and Country B', 'public', '3/13/2023', 191, 3, 'Kinsealy-Drinan', 20);
insert into Event (title, description, type, date, capacity, ticket_limit, place, id_user) values ('Bowling for Columbine', 'Rugby match between Team P and Team Q', 'public', '1/20/2024', 78, 2, 'Muararupit', 21);
insert into Event (title, description, type, date, capacity, ticket_limit, place, id_user) values ('Bad Words', 'Athletics meet at ABC stadium', 'public', '10/24/2024', 238, 5, 'Vanves', 22);
insert into Event (title, description, type, date, capacity, ticket_limit, place, id_user) values ('Dark Victory', 'Basketball game featuring Team X and Team Y', 'public', '4/1/2024', 488, 2, 'Zhenzhushan', 23);
insert into Event (title, description, type, date, capacity, ticket_limit, place, id_user) values ('Late George Apley, The', 'Baseball game at ABC stadium', 'public', '10/20/2024', 122, 4, 'Checca', 24);
insert into Event (title, description, type, date, capacity, ticket_limit, place, id_user) values ('African Queen, The', 'Rugby match between Team P and Team Q', 'public', '4/11/2024', 341, 2, 'Gia Nghĩa', 25);
insert into Event (title, description, type, date, capacity, ticket_limit, place, id_user) values ('Time Bandits', 'Basketball game featuring Team X and Team Y', 'public', '4/6/2024', 407, 5, 'Yanjiang', 26);
insert into Event (title, description, type, date, capacity, ticket_limit, place, id_user) values ('Slappy and the Stinkers', 'Volleyball tournament finals', 'public', '2/19/2024', 398, 5, 'Naga', 27);
insert into Event (title, description, type, date, capacity, ticket_limit, place, id_user) values ('Blackbird, The', 'Athletics meet at ABC stadium', 'public', '2/1/2024', 421, 1, 'Tours', 28);
insert into Event (title, description, type, date, capacity, ticket_limit, place, id_user) values ('Live and Let Die', 'Baseball game at ABC stadium', 'public', '11/16/2024', 486, 1, 'Saint-Laurent-du-Var', 29);
insert into Event (title, description, type, date, capacity, ticket_limit, place, id_user) values ('Walking Tall', 'Basketball game featuring Team X and Team Y', 'public', '8/4/2024', 337, 2, 'København', 30);
insert into Event (title, description, type, date, capacity, ticket_limit, place, id_user) values ('Bachelor Party, The', 'Swimming competition at XYZ pool', 'public', '4/19/2024', 478, 3, 'Sigma', 31);
insert into Event (title, description, type, date, capacity, ticket_limit, place, id_user) values ('Passengers', 'Cricket match between Country A and Country B', 'public', '6/16/2024', 276, 5, 'Kasungu', 32);
insert into Event (title, description, type, date, capacity, ticket_limit, place, id_user) values ('Presidentintekijät', 'Athletics meet at ABC stadium', 'public', '6/28/2024', 196, 5, 'Szczerców', 33);
insert into Event (title, description, type, date, capacity, ticket_limit, place, id_user) values ('Queen of the Damned', 'Football match between Team A and Team B', 'public', '11/24/2024', 325, 2, 'Tāklisah', 34);
insert into Event (title, description, type, date, capacity, ticket_limit, place, id_user) values ('Long Weekend, The', 'Cricket match between Country A and Country B', 'public', '3/2/2024', 119, 5, 'San José Poaquil', 35);
insert into Event (title, description, type, date, capacity, ticket_limit, place, id_user) values ('Yanco ', 'Baseball game at ABC stadium', 'public', '4/2/2024', 166, 5, 'Loa Janan', 36);
insert into Event (title, description, type, date, capacity, ticket_limit, place, id_user) values ('Highlander: The Source', 'Rugby match between Team P and Team Q', 'public', '5/12/2024', 117, 2, 'Lishui', 37);
insert into Event (title, description, type, date, capacity, ticket_limit, place, id_user) values ('Fairly Odd Christmas, A', 'Football match between Team A and Team B', 'public', '11/20/2024', 447, 4, 'Snegiri', 38);
insert into Event (title, description, type, date, capacity, ticket_limit, place, id_user) values ('Duchess, The', 'Tennis tournament finals', 'public', '9/1/2024', 76, 3, 'Kota Kinabalu', 39);
insert into Event (title, description, type, date, capacity, ticket_limit, place, id_user) values ('Swamp Shark', 'Athletics meet at ABC stadium', 'public', '3/31/2024', 59, 4, 'Yinying', 40);
insert into Event (title, description, type, date, capacity, ticket_limit, place, id_user) values ('Instrument', 'Baseball game at ABC stadium', 'public', '1/2/2024', 4, 2, 'Montbrison', 41);
insert into Event (title, description, type, date, capacity, ticket_limit, place, id_user) values ('Little Nicholas (Le petit Nicolas)', 'Rugby match between Team P and Team Q', 'public', '5/13/2023', 281, 4, 'Umanggudang', 42);
insert into Event (title, description, type, date, capacity, ticket_limit, place, id_user) values ('I Love You Too', 'Golf championship at XYZ course', 'public', '6/19/2023', 21, 2, 'Otjiwarongo', 43);
insert into Event (title, description, type, date, capacity, ticket_limit, place, id_user) values ('Backcountry', 'Tennis tournament finals', 'public', '4/24/2023', 441, 3, 'Tsagaan-Olom', 44);
insert into Event (title, description, type, date, capacity, ticket_limit, place, id_user) values ('Dirty Sanchez: The Movie', 'Baseball game at ABC stadium', 'public', '3/15/2023', 295, 2, 'Thākurgaon', 45);
insert into Event (title, description, type, date, capacity, ticket_limit, place, id_user) values ('Last Hard Men, The', 'Baseball game at ABC stadium', 'public', '6/22/2023', 424, 4, 'Paiçandu', 2);
insert into Event (title, description, type, date, capacity, ticket_limit, place, id_user) values ('Kiss Before Dying, A', 'Athletics meet at ABC stadium', 'public', '6/17/2023', 162, 1, 'Khairpur', 2);
insert into Event (title, description, type, date, capacity, ticket_limit, place, id_user) values ('Head Above Water', 'Athletics meet at ABC stadium', 'public', '4/24/2023', 159, 3, 'Xuhang', 2);
insert into Event (title, description, type, date, capacity, ticket_limit, place, id_user) values ('Let the Fire Burn', 'Volleyball tournament finals', 'public', '6/16/2023', 76, 5, 'Al Nashmah', 3);
insert into Event (title, description, type, date, capacity, ticket_limit, place, id_user) values ('Breath (Soom)', 'Athletics meet at ABC stadium', 'public', '3/4/2023', 319, 5, 'Rodas', 3);

-- Insert data into the table "event_hashtag"
insert into EventHashtag (id_event, id_hashtag) values (8, 1);
insert into EventHashtag (id_event, id_hashtag) values (21, 2);
insert into EventHashtag (id_event, id_hashtag) values (3, 3);
insert into EventHashtag (id_event, id_hashtag) values (36, 4);
insert into EventHashtag (id_event, id_hashtag) values (21, 5);
insert into EventHashtag (id_event, id_hashtag) values (3, 6);
insert into EventHashtag (id_event, id_hashtag) values (8, 7);
insert into EventHashtag (id_event, id_hashtag) values (35, 8);
insert into EventHashtag (id_event, id_hashtag) values (9, 9);
insert into EventHashtag (id_event, id_hashtag) values (45, 10);
insert into EventHashtag (id_event, id_hashtag) values (25, 11);
insert into EventHashtag (id_event, id_hashtag) values (43, 12);
insert into EventHashtag (id_event, id_hashtag) values (3, 4);
insert into EventHashtag (id_event, id_hashtag) values (3, 5);

-- Insert data into the table "event_participants"
insert into EventParticipants (id_user, id_event) values (2, 1);
insert into EventParticipants (id_user, id_event) values (2, 2);
insert into EventParticipants (id_user, id_event) values (3, 3);
insert into EventParticipants (id_user, id_event) values (4, 4);
insert into EventParticipants (id_user, id_event) values (5, 5);
insert into EventParticipants (id_user, id_event) values (6, 6);
insert into EventParticipants (id_user, id_event) values (7, 7);
insert into EventParticipants (id_user, id_event) values (8, 8);
insert into EventParticipants (id_user, id_event) values (9, 9);
insert into EventParticipants (id_user, id_event) values (10, 10);
insert into EventParticipants (id_user, id_event) values (11, 11);
insert into EventParticipants (id_user, id_event) values (12, 12);
insert into EventParticipants (id_user, id_event) values (13, 13);
insert into EventParticipants (id_user, id_event) values (14, 14);
insert into EventParticipants (id_user, id_event) values (15, 15);
insert into EventParticipants (id_user, id_event) values (16, 16);
insert into EventParticipants (id_user, id_event) values (17, 17);
insert into EventParticipants (id_user, id_event) values (18, 18);
insert into EventParticipants (id_user, id_event) values (19, 19);
insert into EventParticipants (id_user, id_event) values (20, 20);
insert into EventParticipants (id_user, id_event) values (21, 21);
insert into EventParticipants (id_user, id_event) values (22, 22);
insert into EventParticipants (id_user, id_event) values (23, 23);
insert into EventParticipants (id_user, id_event) values (24, 24);
insert into EventParticipants (id_user, id_event) values (25, 25);
insert into EventParticipants (id_user, id_event) values (26, 26);
insert into EventParticipants (id_user, id_event) values (27, 27);
insert into EventParticipants (id_user, id_event) values (28, 28);
insert into EventParticipants (id_user, id_event) values (29, 29);
insert into EventParticipants (id_user, id_event) values (30, 30);
insert into EventParticipants (id_user, id_event) values (31, 31);
insert into EventParticipants (id_user, id_event) values (32, 32);
insert into EventParticipants (id_user, id_event) values (33, 33);
insert into EventParticipants (id_user, id_event) values (34, 34);
insert into EventParticipants (id_user, id_event) values (35, 35);
insert into EventParticipants (id_user, id_event) values (36, 36);
insert into EventParticipants (id_user, id_event) values (37, 37);
insert into EventParticipants (id_user, id_event) values (38, 38);
insert into EventParticipants (id_user, id_event) values (39, 39);
insert into EventParticipants (id_user, id_event) values (40, 40);
insert into EventParticipants (id_user, id_event) values (41, 41);
insert into EventParticipants (id_user, id_event) values (42, 42);
insert into EventParticipants (id_user, id_event) values (43, 43);
insert into EventParticipants (id_user, id_event) values (44, 44);
insert into EventParticipants (id_user, id_event) values (45, 45);
insert into EventParticipants (id_user, id_event) values (2, 46);
insert into EventParticipants (id_user, id_event) values (2, 47);
insert into EventParticipants (id_user, id_event) values (2, 48);
insert into EventParticipants (id_user, id_event) values (3, 49);
insert into EventParticipants (id_user, id_event) values (3, 50);
insert into EventParticipants (id_user, id_event) values (4, 1);
insert into EventParticipants (id_user, id_event) values (5, 2);
insert into EventParticipants (id_user, id_event) values (6, 3);
insert into EventParticipants (id_user, id_event) values (7, 4);
insert into EventParticipants (id_user, id_event) values (8, 5);
insert into EventParticipants (id_user, id_event) values (9, 6);
insert into EventParticipants (id_user, id_event) values (10, 7);
insert into EventParticipants (id_user, id_event) values (11, 8);
insert into EventParticipants (id_user, id_event) values (12, 9);
insert into EventParticipants (id_user, id_event) values (13, 10);
insert into EventParticipants (id_user, id_event) values (14, 11);
insert into EventParticipants (id_user, id_event) values (15, 12);
insert into EventParticipants (id_user, id_event) values (16, 13);
insert into EventParticipants (id_user, id_event) values (17, 14);
insert into EventParticipants (id_user, id_event) values (18, 15);
insert into EventParticipants (id_user, id_event) values (19, 16);
insert into EventParticipants (id_user, id_event) values (20, 17);
insert into EventParticipants (id_user, id_event) values (21, 18);
insert into EventParticipants (id_user, id_event) values (22, 19);
insert into EventParticipants (id_user, id_event) values (23, 20);
insert into EventParticipants (id_user, id_event) values (24, 21);
insert into EventParticipants (id_user, id_event) values (25, 22);
insert into EventParticipants (id_user, id_event) values (26, 23);
insert into EventParticipants (id_user, id_event) values (27, 24);
insert into EventParticipants (id_user, id_event) values (28, 25);
insert into EventParticipants (id_user, id_event) values (29, 26);
insert into EventParticipants (id_user, id_event) values (30, 27);
insert into EventParticipants (id_user, id_event) values (31, 28);
insert into EventParticipants (id_user, id_event) values (32, 29);
insert into EventParticipants (id_user, id_event) values (33, 30);
insert into EventParticipants (id_user, id_event) values (34, 31);
insert into EventParticipants (id_user, id_event) values (35, 32);
insert into EventParticipants (id_user, id_event) values (36, 33);
insert into EventParticipants (id_user, id_event) values (37, 34);
insert into EventParticipants (id_user, id_event) values (38, 35);
insert into EventParticipants (id_user, id_event) values (39, 36);
insert into EventParticipants (id_user, id_event) values (40, 37);
insert into EventParticipants (id_user, id_event) values (41, 38);
insert into EventParticipants (id_user, id_event) values (42, 39);
insert into EventParticipants (id_user, id_event) values (43, 40);
insert into EventParticipants (id_user, id_event) values (44, 41);
insert into EventParticipants (id_user, id_event) values (45, 42);
insert into EventParticipants (id_user, id_event) values (2, 43);
insert into EventParticipants (id_user, id_event) values (3, 44);
insert into EventParticipants (id_user, id_event) values (4, 45);
insert into EventParticipants (id_user, id_event) values (5, 46);
insert into EventParticipants (id_user, id_event) values (6, 47);
insert into EventParticipants (id_user, id_event) values (7, 48);
insert into EventParticipants (id_user, id_event) values (8, 49);
insert into EventParticipants (id_user, id_event) values (9, 50);


-- Insert data into the table "favorite_event"
insert into FavoriteEvent (id_user, id_event) values (47, 32);
insert into FavoriteEvent (id_user, id_event) values (23, 9);
insert into FavoriteEvent (id_user, id_event) values (13, 35);
insert into FavoriteEvent (id_user, id_event) values (32, 47);
insert into FavoriteEvent (id_user, id_event) values (24, 43);
insert into FavoriteEvent (id_user, id_event) values (22, 3);
insert into FavoriteEvent (id_user, id_event) values (40, 44);
insert into FavoriteEvent (id_user, id_event) values (34, 28);
insert into FavoriteEvent (id_user, id_event) values (39, 1);
insert into FavoriteEvent (id_user, id_event) values (22, 20);
insert into FavoriteEvent (id_user, id_event) values (8, 29);
insert into FavoriteEvent (id_user, id_event) values (45, 41);
insert into FavoriteEvent (id_user, id_event) values (18, 38);
insert into FavoriteEvent (id_user, id_event) values (14, 42);
insert into FavoriteEvent (id_user, id_event) values (6, 11);
insert into FavoriteEvent (id_user, id_event) values (5, 46);
insert into FavoriteEvent (id_user, id_event) values (49, 28);
insert into FavoriteEvent (id_user, id_event) values (45, 3);
insert into FavoriteEvent (id_user, id_event) values (47, 50);
insert into FavoriteEvent (id_user, id_event) values (10, 2);
insert into FavoriteEvent (id_user, id_event) values (25, 16);
insert into FavoriteEvent (id_user, id_event) values (46, 46);
insert into FavoriteEvent (id_user, id_event) values (5, 14);
insert into FavoriteEvent (id_user, id_event) values (2, 17);
insert into FavoriteEvent (id_user, id_event) values (26, 45);
insert into FavoriteEvent (id_user, id_event) values (30, 27);
insert into FavoriteEvent (id_user, id_event) values (2, 21);
insert into FavoriteEvent (id_user, id_event) values (39, 25);
insert into FavoriteEvent (id_user, id_event) values (18, 6);
insert into FavoriteEvent (id_user, id_event) values (18, 7);
insert into FavoriteEvent (id_user, id_event) values (43, 14);
insert into FavoriteEvent (id_user, id_event) values (21, 2);
insert into FavoriteEvent (id_user, id_event) values (3, 48);
insert into FavoriteEvent (id_user, id_event) values (16, 30);
insert into FavoriteEvent (id_user, id_event) values (10, 21);
insert into FavoriteEvent (id_user, id_event) values (36, 42);
insert into FavoriteEvent (id_user, id_event) values (11, 27);
insert into FavoriteEvent (id_user, id_event) values (39, 44);
insert into FavoriteEvent (id_user, id_event) values (43, 7);
insert into FavoriteEvent (id_user, id_event) values (13, 31);
insert into FavoriteEvent (id_user, id_event) values (26, 13);
insert into FavoriteEvent (id_user, id_event) values (17, 36);
insert into FavoriteEvent (id_user, id_event) values (36, 41);
insert into FavoriteEvent (id_user, id_event) values (5, 22);
insert into FavoriteEvent (id_user, id_event) values (38, 32);
insert into FavoriteEvent (id_user, id_event) values (20, 17);
insert into FavoriteEvent (id_user, id_event) values (21, 33);

/*
-- Insert data into the table "ticket_type"
insert into TicketType (id_event, title, price, category, availability) values (30, 'Boxing Match - Heavyweight Championship', 91, 'Hockey', 73);
insert into TicketType (id_event, title, price, category, availability) values (1, 'Football Match - Team A vs Team B', 82, 'Cycling', 2);
insert into TicketType (id_event, title, price, category, availability) values (42, 'Football Match - Team A vs Team B', 43, 'Running', 34);
insert into TicketType (id_event, title, price, category, availability) values (15, 'Golf Championship - Day 1', 63, 'Swimming', 42);
insert into TicketType (id_event, title, price, category, availability) values (36, 'Football Match - Team A vs Team B', 129, 'Baseball', 40);
insert into TicketType (id_event, title, price, category, availability) values (15, 'Swimming Competition - 100m Freestyle', 36, 'Cycling', 55);
insert into TicketType (id_event, title, price, category, availability) values (46, 'Cricket Match - Team E vs Team F', 12, 'Hockey', 92);
insert into TicketType (id_event, title, price, category, availability) values (15, 'Volleyball Tournament - Women''s Division', 28, 'Hockey', 32);
insert into TicketType (id_event, title, price, category, availability) values (6, 'Basketball Game - Team C vs Team D', 76, 'Basketball', 37);
insert into TicketType (id_event, title, price, category, availability) values (16, 'Basketball Game - Team C vs Team D', 91, 'Golf', 17);
insert into TicketType (id_event, title, price, category, availability) values (24, 'Basketball Game - Team C vs Team D', 8, 'Cycling', 82);
insert into TicketType (id_event, title, price, category, availability) values (30, 'Football Match - Team A vs Team B', 2, 'Running', 38);
insert into TicketType (id_event, title, price, category, availability) values (39, 'Cricket Match - Team E vs Team F', 99, 'Swimming', 33);
insert into TicketType (id_event, title, price, category, availability) values (7, 'Tennis Tournament - Singles Finals', 141, 'Running', 49);
insert into TicketType (id_event, title, price, category, availability) values (3, 'Tennis Tournament - Singles Finals', 107, 'Baseball', 72);
insert into TicketType (id_event, title, price, category, availability) values (15, 'Football Match - Team A vs Team B', 42, 'Swimming', 18);
insert into TicketType (id_event, title, price, category, availability) values (24, 'Rugby Match - Team I vs Team J', 18, 'Volleyball', 20);
insert into TicketType (id_event, title, price, category, availability) values (7, 'Rugby Match - Team I vs Team J', 147, 'Volleyball', 10);
insert into TicketType (id_event, title, price, category, availability) values (26, 'Football Match - Team A vs Team B', 102, 'Running', 82);
insert into TicketType (id_event, title, price, category, availability) values (3, 'Golf Championship - Day 1', 134, 'Tennis', 99);
insert into TicketType (id_event, title, price, category, availability) values (4, 'Volleyball Tournament - Women''s Division', 33, 'Golf', 69);
insert into TicketType (id_event, title, price, category, availability) values (3, 'Baseball Game - Team G vs Team H', 131, 'Basketball', 7);
insert into TicketType (id_event, title, price, category, availability) values (48, 'Tennis Tournament - Singles Finals', 132, 'Running', 49);
insert into TicketType (id_event, title, price, category, availability) values (27, 'Rugby Match - Team I vs Team J', 128, 'Running', 83);
insert into TicketType (id_event, title, price, category, availability) values (31, 'Swimming Competition - 100m Freestyle', 27, 'Football', 76);
insert into TicketType (id_event, title, price, category, availability) values (25, 'Football Match - Team A vs Team B', 92, 'Cycling', 77);
insert into TicketType (id_event, title, price, category, availability) values (26, 'Golf Championship - Day 1', 84, 'Basketball', 10);
insert into TicketType (id_event, title, price, category, availability) values (14, 'Volleyball Tournament - Women''s Division', 29, 'Basketball', 79);
insert into TicketType (id_event, title, price, category, availability) values (18, 'Swimming Competition - 100m Freestyle', 120, 'Volleyball', 66);
insert into TicketType (id_event, title, price, category, availability) values (46, 'Football Match - Team A vs Team B', 105, 'Football', 81);
insert into TicketType (id_event, title, price, category, availability) values (17, 'Golf Championship - Day 1', 31, 'Golf', 6);
insert into TicketType (id_event, title, price, category, availability) values (9, 'Tennis Tournament - Singles Finals', 142, 'Baseball', 35);
insert into TicketType (id_event, title, price, category, availability) values (48, 'Football Match - Team A vs Team B', 15, 'Football', 95);
insert into TicketType (id_event, title, price, category, availability) values (18, 'Boxing Match - Heavyweight Championship', 37, 'Basketball', 17);
insert into TicketType (id_event, title, price, category, availability) values (10, 'Tennis Tournament - Singles Finals', 75, 'Swimming', 96);
insert into TicketType (id_event, title, price, category, availability) values (30, 'Swimming Competition - 100m Freestyle', 81, 'Swimming', 22);
insert into TicketType (id_event, title, price, category, availability) values (18, 'Rugby Match - Team I vs Team J', 143, 'Volleyball', 46);
insert into TicketType (id_event, title, price, category, availability) values (8, 'Golf Championship - Day 1', 109, 'Baseball', 30);
insert into TicketType (id_event, title, price, category, availability) values (46, 'Tennis Tournament - Singles Finals', 82, 'Running', 58);
insert into TicketType (id_event, title, price, category, availability) values (35, 'Golf Championship - Day 1', 63, 'Volleyball', 47);
insert into TicketType (id_event, title, price, category, availability) values (27, 'Football Match - Team A vs Team B', 2, 'Hockey', 72);
insert into TicketType (id_event, title, price, category, availability) values (8, 'Boxing Match - Heavyweight Championship', 93, 'Running', 60);
insert into TicketType (id_event, title, price, category, availability) values (39, 'Baseball Game - Team G vs Team H', 30, 'Tennis', 3);
insert into TicketType (id_event, title, price, category, availability) values (4, 'Boxing Match - Heavyweight Championship', 46, 'Baseball', 83);
insert into TicketType (id_event, title, price, category, availability) values (26, 'Rugby Match - Team I vs Team J', 112, 'Football', 97);
insert into TicketType (id_event, title, price, category, availability) values (27, 'Cricket Match - Team E vs Team F', 128, 'Swimming', 7);
insert into TicketType (id_event, title, price, category, availability) values (26, 'Rugby Match - Team I vs Team J', 37, 'Tennis', 85);
insert into TicketType (id_event, title, price, category, availability) values (18, 'Volleyball Tournament - Women''s Division', 108, 'Football', 12);
insert into TicketType (id_event, title, price, category, availability) values (31, 'Volleyball Tournament - Women''s Division', 110, 'Swimming', 37);
insert into TicketType (id_event, title, price, category, availability) values (36, 'Rugby Match - Team I vs Team J', 126, 'Football', 66);

-- Insert data into the table "orders"
insert into Orders (order_number, id_user) values (15, 35);
insert into Orders (order_number, id_user) values (64, 23);
insert into Orders (order_number, id_user) values (86, 15);
insert into Orders (order_number, id_user) values (4, 46);
insert into Orders (order_number, id_user) values (93, 49);
insert into Orders (order_number, id_user) values (80, 41);
insert into Orders (order_number, id_user) values (29, 29);
insert into Orders (order_number, id_user) values (70, 35);
insert into Orders (order_number, id_user) values (40, 33);
insert into Orders (order_number, id_user) values (7, 37);
insert into Orders (order_number, id_user) values (67, 20);
insert into Orders (order_number, id_user) values (81, 37);
insert into Orders (order_number, id_user) values (57, 44);
insert into Orders (order_number, id_user) values (50, 3);
insert into Orders (order_number, id_user) values (78, 15);
insert into Orders (order_number, id_user) values (71, 8);
insert into Orders (order_number, id_user) values (96, 7);
insert into Orders (order_number, id_user) values (24, 34);
insert into Orders (order_number, id_user) values (23, 50);
insert into Orders (order_number, id_user) values (38, 22);
insert into Orders (order_number, id_user) values (4, 49);
insert into Orders (order_number, id_user) values (8, 23);
insert into Orders (order_number, id_user) values (1, 43);
insert into Orders (order_number, id_user) values (74, 34);
insert into Orders (order_number, id_user) values (14, 29);
insert into Orders (order_number, id_user) values (41, 11);
insert into Orders (order_number, id_user) values (99, 44);
insert into Orders (order_number, id_user) values (73, 38);
insert into Orders (order_number, id_user) values (74, 25);
insert into Orders (order_number, id_user) values (69, 14);
insert into Orders (order_number, id_user) values (52, 41);
insert into Orders (order_number, id_user) values (19, 4);
insert into Orders (order_number, id_user) values (70, 44);
insert into Orders (order_number, id_user) values (44, 13);
insert into Orders (order_number, id_user) values (54, 2);
insert into Orders (order_number, id_user) values (12, 29);
insert into Orders (order_number, id_user) values (40, 30);
insert into Orders (order_number, id_user) values (46, 2);
insert into Orders (order_number, id_user) values (42, 47);
insert into Orders (order_number, id_user) values (78, 10);
insert into Orders (order_number, id_user) values (85, 34);
insert into Orders (order_number, id_user) values (100, 24);
insert into Orders (order_number, id_user) values (43, 31);
insert into Orders (order_number, id_user) values (28, 37);
insert into Orders (order_number, id_user) values (73, 9);
insert into Orders (order_number, id_user) values (86, 14);
insert into Orders (order_number, id_user) values (30, 41);
insert into Orders (order_number, id_user) values (1, 27);
insert into Orders (order_number, id_user) values (21, 18);
insert into Orders (order_number, id_user) values (94, 40);

-- Insert data into the table "order_detail"
insert into OrderDetail (id_order, quantity) values (45, 1);
insert into OrderDetail (id_order, quantity) values (9, 1);
insert into OrderDetail (id_order, quantity) values (1, 1);
insert into OrderDetail (id_order, quantity) values (25, 1);
insert into OrderDetail (id_order, quantity) values (23, 1);
insert into OrderDetail (id_order, quantity) values (48, 1);
insert into OrderDetail (id_order, quantity) values (8, 1);
insert into OrderDetail (id_order, quantity) values (12, 1);
insert into OrderDetail (id_order, quantity) values (26, 1);
insert into OrderDetail (id_order, quantity) values (22, 1);
insert into OrderDetail (id_order, quantity) values (2, 1);
insert into OrderDetail (id_order, quantity) values (10, 1);
insert into OrderDetail (id_order, quantity) values (33, 1);
insert into OrderDetail (id_order, quantity) values (7, 1);
insert into OrderDetail (id_order, quantity) values (46, 1);
insert into OrderDetail (id_order, quantity) values (38, 1);
insert into OrderDetail (id_order, quantity) values (11, 1);
insert into OrderDetail (id_order, quantity) values (42, 1);
insert into OrderDetail (id_order, quantity) values (6, 1);
insert into OrderDetail (id_order, quantity) values (27, 1);
insert into OrderDetail (id_order, quantity) values (49, 1);
insert into OrderDetail (id_order, quantity) values (41, 1);
insert into OrderDetail (id_order, quantity) values (31, 1);
insert into OrderDetail (id_order, quantity) values (50, 1);
insert into OrderDetail (id_order, quantity) values (20, 1);
insert into OrderDetail (id_order, quantity) values (28, 1);
insert into OrderDetail (id_order, quantity) values (36, 1);
insert into OrderDetail (id_order, quantity) values (47, 1);
insert into OrderDetail (id_order, quantity) values (32, 1);
insert into OrderDetail (id_order, quantity) values (17, 1);
insert into OrderDetail (id_order, quantity) values (24, 1);

-- Insert data into the table "ticket"
insert into Ticket (description, id_order, id_ticket_type) values ('Baseball game - MLB: New York Yankees vs. Boston Red Sox', 29, 31);
insert into Ticket (description, id_order, id_ticket_type) values ('Hockey game - NHL: Chicago Blackhawks vs. Detroit Red Wings', 9, 13);
insert into Ticket (description, id_order, id_ticket_type) values ('Formula 1 race - Monaco Grand Prix', 35, 44);
insert into Ticket (description, id_order, id_ticket_type) values ('Cricket match - ICC World Cup: India vs. Australia', 42, 37);
insert into Ticket (description, id_order, id_ticket_type) values ('Hockey game - NHL: Chicago Blackhawks vs. Detroit Red Wings', 27, 31);
insert into Ticket (description, id_order, id_ticket_type) values ('Hockey game - NHL: Chicago Blackhawks vs. Detroit Red Wings', 17, 30);
insert into Ticket (description, id_order, id_ticket_type) values ('Football match - Premier League: Manchester United vs. Liverpool', 43, 15);
insert into Ticket (description, id_order, id_ticket_type) values ('Formula 1 race - Monaco Grand Prix', 17, 34);
insert into Ticket (description, id_order, id_ticket_type) values ('Rugby match - Six Nations Championship: England vs. Ireland', 4, 45);
insert into Ticket (description, id_order, id_ticket_type) values ('Football match - Premier League: Manchester United vs. Liverpool', 12, 18);
insert into Ticket (description, id_order, id_ticket_type) values ('Formula 1 race - Monaco Grand Prix', 4, 21);
insert into Ticket (description, id_order, id_ticket_type) values ('Basketball game - NBA: Los Angeles Lakers vs. Golden State Warriors', 30, 35);
insert into Ticket (description, id_order, id_ticket_type) values ('Rugby match - Six Nations Championship: England vs. Ireland', 23, 22);
insert into Ticket (description, id_order, id_ticket_type) values ('Cricket match - ICC World Cup: India vs. Australia', 41, 41);
insert into Ticket (description, id_order, id_ticket_type) values ('Soccer match - UEFA Champions League: Real Madrid vs. Barcelona', 49, 22);
insert into Ticket (description, id_order, id_ticket_type) values ('Basketball game - NBA: Los Angeles Lakers vs. Golden State Warriors', 31, 13);
insert into Ticket (description, id_order, id_ticket_type) values ('Soccer match - UEFA Champions League: Real Madrid vs. Barcelona', 14, 19);
insert into Ticket (description, id_order, id_ticket_type) values ('Rugby match - Six Nations Championship: England vs. Ireland', 12, 22);
insert into Ticket (description, id_order, id_ticket_type) values ('Formula 1 race - Monaco Grand Prix', 10, 8);
insert into Ticket (description, id_order, id_ticket_type) values ('Rugby match - Six Nations Championship: England vs. Ireland', 27, 37);
insert into Ticket (description, id_order, id_ticket_type) values ('Rugby match - Six Nations Championship: England vs. Ireland', 47, 29);
insert into Ticket (description, id_order, id_ticket_type) values ('Rugby match - Six Nations Championship: England vs. Ireland', 11, 30);
insert into Ticket (description, id_order, id_ticket_type) values ('Hockey game - NHL: Chicago Blackhawks vs. Detroit Red Wings', 48, 49);
insert into Ticket (description, id_order, id_ticket_type) values ('Golf tournament - The Masters: Final Round', 32, 14);
insert into Ticket (description, id_order, id_ticket_type) values ('Hockey game - NHL: Chicago Blackhawks vs. Detroit Red Wings', 34, 28);
insert into Ticket (description, id_order, id_ticket_type) values ('Football match - Premier League: Manchester United vs. Liverpool', 20, 14);
insert into Ticket (description, id_order, id_ticket_type) values ('Soccer match - UEFA Champions League: Real Madrid vs. Barcelona', 27, 48);
insert into Ticket (description, id_order, id_ticket_type) values ('Golf tournament - The Masters: Final Round', 38, 47);
insert into Ticket (description, id_order, id_ticket_type) values ('Rugby match - Six Nations Championship: England vs. Ireland', 26, 49);
insert into Ticket (description, id_order, id_ticket_type) values ('Golf tournament - The Masters: Final Round', 42, 17);
insert into Ticket (description, id_order, id_ticket_type) values ('Tennis tournament - Wimbledon: Men''s Singles Final', 38, 37);
insert into Ticket (description, id_order, id_ticket_type) values ('Rugby match - Six Nations Championship: England vs. Ireland', 6, 14);
insert into Ticket (description, id_order, id_ticket_type) values ('Golf tournament - The Masters: Final Round', 46, 35);
insert into Ticket (description, id_order, id_ticket_type) values ('Basketball game - NBA: Los Angeles Lakers vs. Golden State Warriors', 30, 26);
insert into Ticket (description, id_order, id_ticket_type) values ('Tennis tournament - Wimbledon: Men''s Singles Final', 49, 30);
insert into Ticket (description, id_order, id_ticket_type) values ('Cricket match - ICC World Cup: India vs. Australia', 40, 4);
insert into Ticket (description, id_order, id_ticket_type) values ('Rugby match - Six Nations Championship: England vs. Ireland', 5, 31);
insert into Ticket (description, id_order, id_ticket_type) values ('Cricket match - ICC World Cup: India vs. Australia', 49, 16);
insert into Ticket (description, id_order, id_ticket_type) values ('Golf tournament - The Masters: Final Round', 41, 14);
insert into Ticket (description, id_order, id_ticket_type) values ('Baseball game - MLB: New York Yankees vs. Boston Red Sox', 34, 38);
insert into Ticket (description, id_order, id_ticket_type) values ('Soccer match - UEFA Champions League: Real Madrid vs. Barcelona', 42, 43);
insert into Ticket (description, id_order, id_ticket_type) values ('Basketball game - NBA: Los Angeles Lakers vs. Golden State Warriors', 6, 5);
insert into Ticket (description, id_order, id_ticket_type) values ('Golf tournament - The Masters: Final Round', 42, 46);
insert into Ticket (description, id_order, id_ticket_type) values ('Soccer match - UEFA Champions League: Real Madrid vs. Barcelona', 40, 47);
insert into Ticket (description, id_order, id_ticket_type) values ('Formula 1 race - Monaco Grand Prix', 36, 29);
insert into Ticket (description, id_order, id_ticket_type) values ('Cricket match - ICC World Cup: India vs. Australia', 8, 38);
insert into Ticket (description, id_order, id_ticket_type) values ('Soccer match - UEFA Champions League: Real Madrid vs. Barcelona', 43, 18);
insert into Ticket (description, id_order, id_ticket_type) values ('Rugby match - Six Nations Championship: England vs. Ireland', 6, 16);
insert into Ticket (description, id_order, id_ticket_type) values ('Formula 1 race - Monaco Grand Prix', 36, 23);


-- Insert data into the table "event_message"
insert into EventMessage (type, content, id_event, id_user, date) values ('comment', 'Have a great day', 27, 30, '2/16/2023');
insert into EventMessage (type, content, id_event, id_user, date) values ('comment', 'Goodbye', 16, 22, '3/28/2023');
insert into EventMessage (type, content, id_event, id_user, date) values ('comment', 'Nice to meet you', 24, 14, '8/19/2023');
insert into EventMessage (type, content, id_event, id_user, date) values ('chat', 'Goodbye', 9, 36, '7/18/2023');
insert into EventMessage (type, content, id_event, id_user, date) values ('comment', 'Nice to meet you', 44, 37, '1/23/2023');
insert into EventMessage (type, content, id_event, id_user, date) values ('chat', 'How are you?', 30, 15, '10/23/2023');
insert into EventMessage (type, content, id_event, id_user, date) values ('chat', 'Nice to meet you', 10, 31, '7/12/2023');
insert into EventMessage (type, content, id_event, id_user, date) values ('comment', 'Goodbye', 43, 12, '5/6/2023');
insert into EventMessage (type, content, id_event, id_user, date) values ('comment', 'Goodbye', 45, 35, '2/4/2023');
insert into EventMessage (type, content, id_event, id_user, date) values ('chat', 'Nice to meet you', 40, 2, '8/7/2023');
insert into EventMessage (type, content, id_event, id_user, date) values ('comment', 'Goodbye', 29, 45, '9/25/2023');
insert into EventMessage (type, content, id_event, id_user, date) values ('chat', 'Nice to meet you', 29, 28, '10/18/2023');
insert into EventMessage (type, content, id_event, id_user, date) values ('comment', 'Nice to meet you', 46, 44, '2/3/2023');
insert into EventMessage (type, content, id_event, id_user, date) values ('comment', 'Have a great day', 43, 38, '1/3/2023');
insert into EventMessage (type, content, id_event, id_user, date) values ('chat', 'Hello', 20, 38, '9/6/2023');
insert into EventMessage (type, content, id_event, id_user, date) values ('comment', 'Hello', 17, 33, '9/11/2023');
insert into EventMessage (type, content, id_event, id_user, date) values ('chat', 'Have a great day', 12, 20, '1/8/2023');
insert into EventMessage (type, content, id_event, id_user, date) values ('chat', 'Hello', 29, 30, '4/14/2023');
insert into EventMessage (type, content, id_event, id_user, date) values ('chat', 'Nice to meet you', 9, 16, '3/20/2023');
insert into EventMessage (type, content, id_event, id_user, date) values ('comment', 'Goodbye', 23, 3, '9/25/2023');
insert into EventMessage (type, content, id_event, id_user, date) values ('chat', 'Nice to meet you', 10, 23, '7/12/2023');
insert into EventMessage (type, content, id_event, id_user, date) values ('comment', 'How are you?', 36, 30, '11/23/2022');
insert into EventMessage (type, content, id_event, id_user, date) values ('chat', 'Nice to meet you', 6, 24, '2/23/2023');
insert into EventMessage (type, content, id_event, id_user, date) values ('comment', 'Hello', 16, 15, '10/29/2022');
insert into EventMessage (type, content, id_event, id_user, date) values ('chat', 'Have a great day', 14, 20, '3/1/2023');
insert into EventMessage (type, content, id_event, id_user, date) values ('comment', 'Nice to meet you', 28, 41, '8/8/2023');
insert into EventMessage (type, content, id_event, id_user, date) values ('comment', 'Nice to meet you', 2, 40, '1/4/2023');
insert into EventMessage (type, content, id_event, id_user, date) values ('comment', 'How are you?', 31, 20, '3/5/2023');
insert into EventMessage (type, content, id_event, id_user, date) values ('comment', 'Have a great day', 18, 19, '1/27/2023');
insert into EventMessage (type, content, id_event, id_user, date) values ('comment', 'Nice to meet you', 45, 48, '11/15/2022');
insert into EventMessage (type, content, id_event, id_user, date) values ('comment', 'Hello', 22, 42, '9/7/2023');
insert into EventMessage (type, content, id_event, id_user, date) values ('comment', 'Goodbye', 38, 46, '7/27/2023');
insert into EventMessage (type, content, id_event, id_user, date) values ('comment', 'Nice to meet you', 48, 4, '9/23/2023');
insert into EventMessage (type, content, id_event, id_user, date) values ('chat', 'Goodbye', 33, 30, '5/14/2023');
insert into EventMessage (type, content, id_event, id_user, date) values ('chat', 'Goodbye', 48, 3, '5/10/2023');
insert into EventMessage (type, content, id_event, id_user, date) values ('chat', 'How are you?', 9, 16, '2/22/2023');
insert into EventMessage (type, content, id_event, id_user, date) values ('chat', 'How are you?', 41, 27, '9/14/2023');
insert into EventMessage (type, content, id_event, id_user, date) values ('chat', 'Nice to meet you', 44, 16, '2/10/2023');
insert into EventMessage (type, content, id_event, id_user, date) values ('comment', 'Goodbye', 27, 37, '6/17/2023');
insert into EventMessage (type, content, id_event, id_user, date) values ('comment', 'Nice to meet you', 48, 14, '12/21/2022');
insert into EventMessage (type, content, id_event, id_user, date) values ('chat', 'Hello', 24, 43, '3/3/2023');
insert into EventMessage (type, content, id_event, id_user, date) values ('comment', 'Nice to meet you', 41, 42, '3/28/2023');
insert into EventMessage (type, content, id_event, id_user, date) values ('comment', 'How are you?', 38, 35, '7/18/2023');
insert into EventMessage (type, content, id_event, id_user, date) values ('comment', 'How are you?', 6, 18, '6/19/2023');
insert into EventMessage (type, content, id_event, id_user, date) values ('comment', 'How are you?', 19, 46, '3/18/2023');
insert into EventMessage (type, content, id_event, id_user, date) values ('comment', 'Nice to meet you', 40, 13, '5/6/2023');
insert into EventMessage (type, content, id_event, id_user, date) values ('chat', 'Hello', 16, 42, '8/26/2023');
insert into EventMessage (type, content, id_event, id_user, date) values ('chat', 'Goodbye', 32, 27, '10/18/2023');
insert into EventMessage (type, content, id_event, id_user, date) values ('comment', 'Have a great day', 6, 24, '6/5/2023');
insert into EventMessage (type, content, id_event, id_user, date) values ('chat', 'Goodbye', 44, 16, '2/12/2023');

-- Insert data into the table "event_message_reaction"
insert into MessageReaction (id_user, id_message) values (7, 22);
insert into MessageReaction (id_user, id_message) values (27, 31);
insert into MessageReaction (id_user, id_message) values (20, 22);
insert into MessageReaction (id_user, id_message) values (46, 38);
insert into MessageReaction (id_user, id_message) values (14, 39);
insert into MessageReaction (id_user, id_message) values (35, 11);
insert into MessageReaction (id_user, id_message) values (3, 15);
insert into MessageReaction (id_user, id_message) values (25, 14);
insert into MessageReaction (id_user, id_message) values (50, 42);
insert into MessageReaction (id_user, id_message) values (17, 24);
insert into MessageReaction (id_user, id_message) values (4, 38);
insert into MessageReaction (id_user, id_message) values (26, 5);
insert into MessageReaction (id_user, id_message) values (34, 21);
insert into MessageReaction (id_user, id_message) values (36, 46);
insert into MessageReaction (id_user, id_message) values (20, 6);
insert into MessageReaction (id_user, id_message) values (9, 45);
insert into MessageReaction (id_user, id_message) values (27, 6);
insert into MessageReaction (id_user, id_message) values (49, 17);
insert into MessageReaction (id_user, id_message) values (30, 33);
insert into MessageReaction (id_user, id_message) values (9, 9);
insert into MessageReaction (id_user, id_message) values (14, 25);
insert into MessageReaction (id_user, id_message) values (22, 13);
insert into MessageReaction (id_user, id_message) values (41, 32);
insert into MessageReaction (id_user, id_message) values (26, 25);
insert into MessageReaction (id_user, id_message) values (18, 20);
insert into MessageReaction (id_user, id_message) values (50, 24);
insert into MessageReaction (id_user, id_message) values (24, 22);
insert into MessageReaction (id_user, id_message) values (25, 9);
insert into MessageReaction (id_user, id_message) values (35, 16);
insert into MessageReaction (id_user, id_message) values (21, 4);
insert into MessageReaction (id_user, id_message) values (11, 20);
insert into MessageReaction (id_user, id_message) values (8, 1);
insert into MessageReaction (id_user, id_message) values (46, 45);
insert into MessageReaction (id_user, id_message) values (22, 50);
insert into MessageReaction (id_user, id_message) values (15, 35);
insert into MessageReaction (id_user, id_message) values (48, 33);
insert into MessageReaction (id_user, id_message) values (28, 22);
insert into MessageReaction (id_user, id_message) values (25, 21);
insert into MessageReaction (id_user, id_message) values (17, 41);
insert into MessageReaction (id_user, id_message) values (4, 29);
insert into MessageReaction (id_user, id_message) values (5, 49);
insert into MessageReaction (id_user, id_message) values (39, 47);
insert into MessageReaction (id_user, id_message) values (47, 47);
insert into MessageReaction (id_user, id_message) values (19, 22);
insert into MessageReaction (id_user, id_message) values (47, 27);
insert into MessageReaction (id_user, id_message) values (45, 36);
insert into MessageReaction (id_user, id_message) values (41, 8);
insert into MessageReaction (id_user, id_message) values (3, 28);
insert into MessageReaction (id_user, id_message) values (23, 50);
insert into MessageReaction (id_user, id_message) values (11, 44);

-- Insert data into the table "report"
insert into Report (title, content, id_user, id_event) values ('Sales Analysis', 'Lorem ipsum dolor sit amet, consectetur adipiscing elit', 8, 18);
insert into Report (title, content, id_user, id_event) values ('Sales Analysis', 'Lorem ipsum dolor sit amet, consectetur adipiscing elit', 9, 23);
insert into Report (title, content, id_user, id_event) values ('Sales Analysis', 'Lorem ipsum dolor sit amet, consectetur adipiscing elit', 2, 14);
insert into Report (title, content, id_user, id_event) values ('Sales Analysis', 'Lorem ipsum dolor sit amet, consectetur adipiscing elit', 3, 24);
insert into Report (title, content, id_user, id_event) values ('Sales Analysis', 'Lorem ipsum dolor sit amet, consectetur adipiscing elit', 4, 18);
insert into Report (title, content, id_user, id_event) values ('Sales Analysis', 'Lorem ipsum dolor sit amet, consectetur adipiscing elit', 5, 4);
insert into Report (title, content, id_user, id_event) values ('Sales Analysis', 'Lorem ipsum dolor sit amet, consectetur adipiscing elit', 6, 18);

-- Insert data into the table "file"
insert into File (path, id_user, id_message, id_report, id_event) values ('C:\Program Files\Application\file2.docx', 9, NULL, NULL, 18);
insert into File (path, id_user, id_message, id_report, id_event) values ('D:\Documents\Projects\report.doc', 30, 26, NULL, NULL);
insert into File (path, id_user, id_message, id_report, id_event) values ('C:\Users\User\Documents\file1.txt', 8, 31, NULL, NULL);
insert into File (path, id_user, id_message, id_report, id_event) values ('C:\Users\User\Documents\file1.txt', 4, 16, NULL, NULL);
insert into File (path, id_user, id_message, id_report, id_event) values ('D:\Documents\Projects\report.doc', 8, NULL, NULL, 35);
insert into File (path, id_user, id_message, id_report, id_event) values ('D:\Photos\Family\photo.png', 22, 33, NULL, NULL);
insert into File (path, id_user, id_message, id_report, id_event) values ('D:\Documents\Projects\report.doc', 42, NULL, NULL, 12);
insert into File (path, id_user, id_message, id_report, id_event) values ('C:\Users\User\Desktop\presentation.pptx', 13, 1, NULL, NULL);
insert into File (path, id_user, id_message, id_report, id_event) values ('E:\Videos\Movies\movie.mkv', 38, 28, NULL, NULL);
insert into File (path, id_user, id_message, id_report, id_event) values ('C:\Program Files (x86)\Software\setup.exe', 27, NULL, NULL, 29);
insert into File (path, id_user, id_message, id_report, id_event) values ('D:\Documents\Projects\report.doc', 23, NULL, NULL, 4);
insert into File (path, id_user, id_message, id_report, id_event) values ('D:\Documents\Projects\report.doc', 23, 39, NULL, NULL);
insert into File (path, id_user, id_message, id_report, id_event) values ('E:\Music\Albums\song.mp3', 18, 5, NULL, NULL);
insert into File (path, id_user, id_message, id_report, id_event) values ('E:\Music\Albums\song.mp3', 11, 46, NULL, NULL);
insert into File (path, id_user, id_message, id_report, id_event) values ('D:\Documents\Projects\report.doc', 12, NULL, NULL, 33);
insert into File (path, id_user, id_message, id_report, id_event) values ('D:\Photos\Family\photo.png', 6, NULL, NULL, 17);
insert into File (path, id_user, id_message, id_report, id_event) values ('D:\Photos\Vacation\image.jpg', 11, 28, NULL, NULL);
insert into File (path, id_user, id_message, id_report, id_event) values ('C:\Program Files (x86)\Software\setup.exe', 28, NULL, NULL, 6);
insert into File (path, id_user, id_message, id_report, id_event) values ('E:\Music\Albums\song.mp3', 9, NULL, NULL, 38);
insert into File (path, id_user, id_message, id_report, id_event) values ('C:\Users\User\Documents\file1.txt', 45, 29, NULL, NULL);
insert into File (path, id_user, id_message, id_report, id_event) values ('C:\Users\User\Desktop\presentation.pptx', 25, NULL, NULL, 39);
insert into File (path, id_user, id_message, id_report, id_event) values ('D:\Photos\Family\photo.png', 43, 21, NULL, NULL);
insert into File (path, id_user, id_message, id_report, id_event) values ('C:\Users\User\Desktop\presentation.pptx', 29, NULL, NULL, 6);
insert into File (path, id_user, id_message, id_report, id_event) values ('C:\Users\User\Desktop\presentation.pptx', 36, NULL, NULL, 27);
insert into File (path, id_user, id_message, id_report, id_event) values ('D:\Photos\Family\photo.png', 25, 30, NULL, NULL);
insert into File (path, id_user, id_message, id_report, id_event) values ('E:\Videos\Movies\movie.mkv', 35, 41, NULL, NULL);
insert into File (path, id_user, id_message, id_report, id_event) values ('C:\Users\User\Desktop\presentation.pptx', 36, NULL, NULL, 4);
insert into File (path, id_user, id_message, id_report, id_event) values ('C:\Users\User\Downloads\file3.pdf', 50, 46, NULL, NULL);
insert into File (path, id_user, id_message, id_report, id_event) values ('E:\Videos\Movies\movie.mkv', 25, 12, NULL, NULL);
insert into File (path, id_user, id_message, id_report, id_event) values ('C:\Users\User\Documents\file1.txt', 29, NULL, NULL, 37);
insert into File (path, id_user, id_message, id_report, id_event) values ('D:\Documents\Projects\report.doc', 4, 25, NULL, NULL);
insert into File (path, id_user, id_message, id_report, id_event) values ('E:\Videos\Movies\movie.mkv', 24, 31, NULL, NULL);

-- Insert data into the table "poll"
insert into Poll (title, summary, question, endsat, id_event, id_user) values ('Best Vacation Destination', 'Public Opinion H: 50% agree', 'What is your favorite movie?', '4/4/2023', 10, 5);
insert into Poll (title, summary, question, endsat, id_event, id_user) values ('Favorite Sports Team', '15% oppose', 'What is your favorite TV show?', '2/22/2023', 50, 48);
insert into Poll (title, summary, question, endsat, id_event, id_user) values ('Top Music Genre', 'Poll I: 85% support', 'What is your favorite hobby?', '1/2/2023', 43, 28);
insert into Poll (title, summary, question, endsat, id_event, id_user) values ('Most Used Social Media Platform', 'Poll B: 60% agree', 'What is your favorite movie?', '10/11/2023', 30, 6);
insert into Poll (title, summary, question, endsat, id_event, id_user) values ('Most Loved Book', '30% disagree', 'What is your favorite TV show?', '1/1/2023', 17, 49);
insert into Poll (title, summary, question, endsat, id_event, id_user) values ('Most Used Social Media Platform', 'Survey A: 75% in favor', 'What is your favorite sport?', '7/23/2023', 50, 48);
insert into Poll (title, summary, question, endsat, id_event, id_user) values ('Favorite Movie Genre', '10% against', 'What is your favorite sport?', '11/17/2022', 18, 35);
insert into Poll (title, summary, question, endsat, id_event, id_user) values ('Most Loved Book', 'Survey J: 95% in favor', 'What is your favorite movie?', '3/9/2023', 46, 7);
insert into Poll (title, summary, question, endsat, id_event, id_user) values ('Preferred Pizza Topping', '10% against', 'What is your favorite TV show?', '5/16/2023', 10, 34);
insert into Poll (title, summary, question, endsat, id_event, id_user) values ('Best Vacation Destination', 'Poll B: 60% agree', 'What is your favorite animal?', '12/19/2022', 41, 12);
insert into Poll (title, summary, question, endsat, id_event, id_user) values ('Favorite Sports Team', 'Opinion Poll C: 80% support', 'What is your favorite book?', '8/30/2023', 20, 34);
insert into Poll (title, summary, question, endsat, id_event, id_user) values ('Preferred Pizza Topping', 'Poll E: 70% agree', 'What is your favorite sport?', '5/22/2023', 27, 2);
insert into Poll (title, summary, question, endsat, id_event, id_user) values ('Preferred Pizza Topping', '40% disagree', 'What is your favorite vacation destination?', '1/27/2023', 5, 25);
insert into Poll (title, summary, question, endsat, id_event, id_user) values ('Favorite Sports Team', '40% disagree', 'What is your favorite movie?', '3/5/2023', 2, 33);
insert into Poll (title, summary, question, endsat, id_event, id_user) values ('Most Loved Book', 'Poll B: 60% agree', 'What is your favorite season?', '8/5/2023', 30, 42);
insert into Poll (title, summary, question, endsat, id_event, id_user) values ('Preferred Pizza Topping', 'Opinion Poll G: 90% in favor', 'What is your favorite hobby?', '6/7/2023', 16, 12);
insert into Poll (title, summary, question, endsat, id_event, id_user) values ('Preferred Pizza Topping', 'Opinion Poll G: 90% in favor', 'What is your favorite sport?', '1/7/2023', 6, 21);
insert into Poll (title, summary, question, endsat, id_event, id_user) values ('Best TV Show', '25% against', 'What is your favorite season?', '5/30/2023', 42, 40);
insert into Poll (title, summary, question, endsat, id_event, id_user) values ('Preferred Pizza Topping', '10% against', 'What is your favorite vacation destination?', '8/31/2023', 35, 20);
insert into Poll (title, summary, question, endsat, id_event, id_user) values ('Favorite Outdoor Activity', '50% disagree', 'What is your favorite sport?', '9/11/2023', 6, 47);
insert into Poll (title, summary, question, endsat, id_event, id_user) values ('Favorite Movie Genre', '35% oppose', 'What is your favorite music genre?', '2/3/2023', 31, 17);
insert into Poll (title, summary, question, endsat, id_event, id_user) values ('Favorite Sports Team', '40% disagree', 'What is your favorite book?', '3/9/2023', 38, 12);
insert into Poll (title, summary, question, endsat, id_event, id_user) values ('Favorite Movie Genre', 'Survey A: 75% in favor', 'What is your favorite food?', '6/24/2023', 46, 40);
insert into Poll (title, summary, question, endsat, id_event, id_user) values ('Preferred Ice Cream Flavor', 'Poll E: 70% agree', 'What is your favorite book?', '12/31/2022', 44, 49);
insert into Poll (title, summary, question, endsat, id_event, id_user) values ('Most Loved Book', '40% disagree', 'What is your favorite sport?', '5/24/2023', 38, 49);
insert into Poll (title, summary, question, endsat, id_event, id_user) values ('Best Vacation Destination', 'Public Opinion H: 50% agree', 'What is your favorite TV show?', '4/8/2023', 12, 48);
insert into Poll (title, summary, question, endsat, id_event, id_user) values ('Preferred Pizza Topping', 'Survey A: 75% in favor', 'What is your favorite sport?', '10/13/2023', 14, 18);
insert into Poll (title, summary, question, endsat, id_event, id_user) values ('Preferred Ice Cream Flavor', '30% disagree', 'What is your favorite food?', '12/26/2022', 9, 41);
insert into Poll (title, summary, question, endsat, id_event, id_user) values ('Preferred Ice Cream Flavor', 'Poll E: 70% agree', 'What is your favorite music genre?', '8/10/2023', 34, 27);
insert into Poll (title, summary, question, endsat, id_event, id_user) values ('Favorite Outdoor Activity', 'Survey J: 95% in favor', 'What is your favorite season?', '2/13/2023', 23, 48);
insert into Poll (title, summary, question, endsat, id_event, id_user) values ('Preferred Ice Cream Flavor', 'Poll I: 85% support', 'What is your favorite TV show?', '2/13/2023', 22, 36);
insert into Poll (title, summary, question, endsat, id_event, id_user) values ('Most Loved Book', 'Public Opinion H: 50% agree', 'What is your favorite season?', '12/30/2022', 32, 4);
insert into Poll (title, summary, question, endsat, id_event, id_user) values ('Favorite Sports Team', '45% against', 'What is your favorite TV show?', '10/2/2023', 35, 48);
insert into Poll (title, summary, question, endsat, id_event, id_user) values ('Favorite Outdoor Activity', 'Survey A: 75% in favor', 'What is your favorite TV show?', '8/29/2023', 6, 17);
insert into Poll (title, summary, question, endsat, id_event, id_user) values ('Top Music Genre', 'Poll I: 85% support', 'What is your favorite sport?', '5/22/2023', 10, 3);
insert into Poll (title, summary, question, endsat, id_event, id_user) values ('Best TV Show', '40% disagree', 'What is your favorite movie?', '9/12/2023', 5, 21);
insert into Poll (title, summary, question, endsat, id_event, id_user) values ('Favorite Movie Genre', '15% oppose', 'What is your favorite TV show?', '8/21/2023', 23, 6);
insert into Poll (title, summary, question, endsat, id_event, id_user) values ('Best TV Show', '35% oppose', 'What is your favorite vacation destination?', '4/2/2023', 3, 3);
insert into Poll (title, summary, question, endsat, id_event, id_user) values ('Top Music Genre', 'Survey F: 65% support', 'What is your favorite animal?', '9/30/2023', 25, 34);
insert into Poll (title, summary, question, endsat, id_event, id_user) values ('Best Vacation Destination', 'Public Opinion D: 55% in favor', 'What is your favorite sport?', '12/5/2022', 32, 42);
insert into Poll (title, summary, question, endsat, id_event, id_user) values ('Preferred Pizza Topping', 'Poll I: 85% support', 'What is your favorite animal?', '1/17/2023', 46, 16);
insert into Poll (title, summary, question, endsat, id_event, id_user) values ('Most Loved Book', 'Opinion Poll G: 90% in favor', 'What is your favorite movie?', '3/15/2023', 20, 17);
insert into Poll (title, summary, question, endsat, id_event, id_user) values ('Favorite Sports Team', 'Poll E: 70% agree', 'What is your favorite TV show?', '6/11/2023', 36, 47);
insert into Poll (title, summary, question, endsat, id_event, id_user) values ('Best Vacation Destination', '30% disagree', 'What is your favorite book?', '9/30/2023', 25, 14);
insert into Poll (title, summary, question, endsat, id_event, id_user) values ('Favorite Sports Team', '35% oppose', 'What is your favorite food?', '9/8/2023', 38, 7);
insert into Poll (title, summary, question, endsat, id_event, id_user) values ('Preferred Pizza Topping', '15% oppose', 'What is your favorite book?', '9/9/2023', 32, 50);
insert into Poll (title, summary, question, endsat, id_event, id_user) values ('Most Loved Book', '5% against', 'What is your favorite music genre?', '10/2/2023', 27, 24);
insert into Poll (title, summary, question, endsat, id_event, id_user) values ('Best TV Show', '40% disagree', 'What is your favorite animal?', '2/13/2023', 24, 46);
insert into Poll (title, summary, question, endsat, id_event, id_user) values ('Favorite Movie Genre', '50% disagree', 'What is your favorite season?', '9/23/2023', 24, 44);
insert into Poll (title, summary, question, endsat, id_event, id_user) values ('Favorite Outdoor Activity', '40% disagree', 'What is your favorite animal?', '8/19/2023', 25, 3);

-- Insert data into the table "poll_option"
ALTER TABLE PollOption DISABLE TRIGGER check_poll_options_trigger;
insert into PollOption (option, id_poll) values ('Option 4', 41);
insert into PollOption (option, id_poll) values ('Option 3', 21);
insert into PollOption (option, id_poll) values ('Option 6', 21);
insert into PollOption (option, id_poll) values ('Option 2', 22);
insert into PollOption (option, id_poll) values ('Option 10', 18);
insert into PollOption (option, id_poll) values ('Option 10', 30);
insert into PollOption (option, id_poll) values ('Option 9', 9);
insert into PollOption (option, id_poll) values ('Option 10', 17);
insert into PollOption (option, id_poll) values ('Option 7', 12);
insert into PollOption (option, id_poll) values ('Option 9', 41);
insert into PollOption (option, id_poll) values ('Option 6', 34);
insert into PollOption (option, id_poll) values ('Option 10', 27);
insert into PollOption (option, id_poll) values ('Option 9', 24);
insert into PollOption (option, id_poll) values ('Option 9', 1);
insert into PollOption (option, id_poll) values ('Option 10', 16);
insert into PollOption (option, id_poll) values ('Option 8', 47);
insert into PollOption (option, id_poll) values ('Option 7', 13);
insert into PollOption (option, id_poll) values ('Option 5', 12);
insert into PollOption (option, id_poll) values ('Option 7', 41);
insert into PollOption (option, id_poll) values ('Option 10', 43);
insert into PollOption (option, id_poll) values ('Option 8', 11);
insert into PollOption (option, id_poll) values ('Option 3', 31);
insert into PollOption (option, id_poll) values ('Option 2', 27);
insert into PollOption (option, id_poll) values ('Option 10', 32);
insert into PollOption (option, id_poll) values ('Option 5', 38);
insert into PollOption (option, id_poll) values ('Option 7', 2);
insert into PollOption (option, id_poll) values ('Option 6', 30);
insert into PollOption (option, id_poll) values ('Option 3', 45);
insert into PollOption (option, id_poll) values ('Option 4', 14);
insert into PollOption (option, id_poll) values ('Option 2', 22);
insert into PollOption (option, id_poll) values ('Option 8', 44);
insert into PollOption (option, id_poll) values ('Option 9', 7);
insert into PollOption (option, id_poll) values ('Option 2', 2);
insert into PollOption (option, id_poll) values ('Option 5', 29);
insert into PollOption (option, id_poll) values ('Option 1', 9);
insert into PollOption (option, id_poll) values ('Option 6', 17);
insert into PollOption (option, id_poll) values ('Option 7', 30);
insert into PollOption (option, id_poll) values ('Option 7', 11);
insert into PollOption (option, id_poll) values ('Option 4', 4);
insert into PollOption (option, id_poll) values ('Option 5', 34);
insert into PollOption (option, id_poll) values ('Option 5', 34);
insert into PollOption (option, id_poll) values ('Option 7', 43);
insert into PollOption (option, id_poll) values ('Option 10', 17);
insert into PollOption (option, id_poll) values ('Option 4', 47);
insert into PollOption (option, id_poll) values ('Option 2', 27);
insert into PollOption (option, id_poll) values ('Option 9', 1);
insert into PollOption (option, id_poll) values ('Option 4', 22);
insert into PollOption (option, id_poll) values ('Option 3', 46);
insert into PollOption (option, id_poll) values ('Option 8', 18);
insert into PollOption (option, id_poll) values ('Option 8', 35);
ALTER TABLE PollOption ENABLE TRIGGER check_poll_options_trigger;

-- Insert data into the table "poll_votes"
insert into PollVotes (id_user, id_option) values (13, 26);
insert into PollVotes (id_user, id_option) values (32, 16);
insert into PollVotes (id_user, id_option) values (15, 1);
insert into PollVotes (id_user, id_option) values (50, 46);
insert into PollVotes (id_user, id_option) values (7, 27);
insert into PollVotes (id_user, id_option) values (13, 13);
insert into PollVotes (id_user, id_option) values (25, 26);
insert into PollVotes (id_user, id_option) values (21, 8);
insert into PollVotes (id_user, id_option) values (44, 13);
insert into PollVotes (id_user, id_option) values (11, 28);
insert into PollVotes (id_user, id_option) values (40, 27);
insert into PollVotes (id_user, id_option) values (40, 7);
insert into PollVotes (id_user, id_option) values (25, 15);
insert into PollVotes (id_user, id_option) values (31, 48);
insert into PollVotes (id_user, id_option) values (24, 34);
insert into PollVotes (id_user, id_option) values (40, 22);
insert into PollVotes (id_user, id_option) values (11, 47);
insert into PollVotes (id_user, id_option) values (28, 27);
insert into PollVotes (id_user, id_option) values (18, 14);
insert into PollVotes (id_user, id_option) values (27, 36);
insert into PollVotes (id_user, id_option) values (18, 12);
insert into PollVotes (id_user, id_option) values (34, 30);
insert into PollVotes (id_user, id_option) values (24, 21);
insert into PollVotes (id_user, id_option) values (27, 41);
insert into PollVotes (id_user, id_option) values (15, 13);
insert into PollVotes (id_user, id_option) values (7, 12);
insert into PollVotes (id_user, id_option) values (44, 24);
insert into PollVotes (id_user, id_option) values (29, 31);
insert into PollVotes (id_user, id_option) values (20, 47);
insert into PollVotes (id_user, id_option) values (19, 7);
insert into PollVotes (id_user, id_option) values (23, 45);
insert into PollVotes (id_user, id_option) values (40, 46);
insert into PollVotes (id_user, id_option) values (39, 48);
insert into PollVotes (id_user, id_option) values (7, 38);
insert into PollVotes (id_user, id_option) values (28, 10);
insert into PollVotes (id_user, id_option) values (19, 42);
insert into PollVotes (id_user, id_option) values (25, 27);
insert into PollVotes (id_user, id_option) values (11, 16);
insert into PollVotes (id_user, id_option) values (40, 24);
insert into PollVotes (id_user, id_option) values (42, 37);
insert into PollVotes (id_user, id_option) values (35, 31);
insert into PollVotes (id_user, id_option) values (14, 46);
insert into PollVotes (id_user, id_option) values (38, 19);
insert into PollVotes (id_user, id_option) values (46, 7);
insert into PollVotes (id_user, id_option) values (32, 50);
insert into PollVotes (id_user, id_option) values (23, 39);
insert into PollVotes (id_user, id_option) values (20, 7);
insert into PollVotes (id_user, id_option) values (45, 10);
insert into PollVotes (id_user, id_option) values (35, 44);
insert into PollVotes (id_user, id_option) values (14, 31);
*/
